Workbook

Sheet data_2015-2020
A1: country | B1: year | C1: rgdpna | D1: rnna | E1: emp | F1: rkna | G1: irr | H1: delta | I1: xr | J1: hc | K1: rwtfpna | L1: t | M1: i | N1: continente | O1: región | P1: Americas | Q1: Europe | R1: Asia | S1: Africa | T1: Oceania | U1: Caribbean | V1: Middle Africa | W1: Southern Europe | X1: Western Asia | Y1: South America | Z1: Australia and New Zealand | AA1: Western Europe | AB1: Eastern Africa | AC1: Western Africa | AD1: Southern Asia | AE1: Eastern Europe | AF1: Central America | AG1: Northern America | AH1: South-eastern Asia | AI1: Southern Africa | AJ1: Eastern Asia | AK1: Northern Europe | AL1: Northern Africa | AM1: Melanesia | AN1: Central Asia
A2: Aruba | B2: 2015 | C2: 4032.4707 | D2: 21116.465 | E2: 0.046936773 | F2: 0.91074914 | G2: 0.049298905 | H2: 0.033945106 | I2: 1.79 | L2: =B2-2014 -> 1 | M2: =VLOOKUP($A2,Sheet2!$B$2:$E$186,2,FALSE) -> 1 | N2: Americas | O2: Caribbean | P2: 1 | Q2: 0 | R2: 0 | S2: 0 | T2: 0 | U2: 1 | V2: 0 | W2: 0 | X2: 0 | Y2: 0 | Z2: 0 | AA2: 0 | AB2: 0 | AC2: 0 | AD2: 0 | AE2: 0 | AF2: 0 | AG2: 0 | AH2: 0 | AI2: 0 | AJ2: 0 | AK2: 0 | AL2: 0 | AM2: 0 | AN2: 0
A3: Aruba | B3: 2016 | C3: 4101.814 | D3: 21373.148 | E3: 0.047294036 | F3: 0.92656702 | G3: 0.052998036 | H3: 0.034145255 | I3: 1.79 | L3: =B3-2014 -> 2 | M3: =VLOOKUP(A3,Sheet2!$B$2:$E$186,2,FALSE) -> 1 | N3: Americas | O3: Caribbean | P3: 1 | Q3: 0 | R3: 0 | S3: 0 | T3: 0 | U3: 1 | V3: 0 | W3: 0 | X3: 0 | Y3: 0 | Z3: 0 | AA3: 0 | AB3: 0 | AC3: 0 | AD3: 0 | AE3: 0 | AF3: 0 | AG3: 0 | AH3: 0 | AI3: 0 | AJ3: 0 | AK3: 0 | AL3: 0 | AM3: 0 | AN3: 0
A4: Aruba | B4: 2017 | C4: 4390.9316 | D4: 21666.68 | E4: 0.047633726 | F4: 0.94581091 | G4: 0.055784095 | H4: 0.034465384 | I4: 1.79 | L4: =B4-2014 -> 3 | M4: =VLOOKUP(A4,Sheet2!$B$2:$E$186,2,FALSE) -> 1 | N4: Americas | O4: Caribbean | P4: 1 | Q4: 0 | R4: 0 | S4: 0 | T4: 0 | U4: 1 | V4: 0 | W4: 0 | X4: 0 | Y4: 0 | Z4: 0 | AA4: 0 | AB4: 0 | AC4: 0 | AD4: 0 | AE4: 0 | AF4: 0 | AG4: 0 | AH4: 0 | AI4: 0 | AJ4: 0 | AK4: 0 | AL4: 0 | AM4: 0 | AN4: 0
A5: Aruba | B5: 2018 | C5: 4496.186 | D5: 21968.637 | E5: 0.047949538 | F5: 0.96592063 | G5: 0.047910463 | H5: 0.03487809 | I5: 1.79 | L5: =B5-2014 -> 4 | M5: =VLOOKUP(A5,Sheet2!$B$2:$E$186,2,FALSE) -> 1 | N5: Americas | O5: Caribbean | P5: 1 | Q5: 0 | R5: 0 | S5: 0 | T5: 0 | U5: 1 | V5: 0 | W5: 0 | X5: 0 | Y5: 0 | Z5: 0 | AA5: 0 | AB5: 0 | AC5: 0 | AD5: 0 | AE5: 0 | AF5: 0 | AG5: 0 | AH5: 0 | AI5: 0 | AJ5: 0 | AK5: 0 | AL5: 0 | AM5: 0 | AN5: 0
A6: Aruba | B6: 2019 | C6: 4395.8115 | D6: 22266.496 | E6: 0.048239671 | F6: 0.98533988 | G6: 0.047444623 | H6: 0.035302024 | I6: 1.79 | L6: =B6-2014 -> 5 | M6: =VLOOKUP(A6,Sheet2!$B$2:$E$186,2,FALSE) -> 1 | N6: Americas | O6: Caribbean | P6: 1 | Q6: 0 | R6: 0 | S6: 0 | T6: 0 | U6: 1 | V6: 0 | W6: 0 | X6: 0 | Y6: 0 | Z6: 0 | AA6: 0 | AB6: 0 | AC6: 0 | AD6: 0 | AE6: 0 | AF6: 0 | AG6: 0 | AH6: 0 | AI6: 0 | AJ6: 0 | AK6: 0 | AL6: 0 | AM6: 0 | AN6: 0
A7: Aruba | B7: 2020 | C7: 3243.5891 | D7: 22325.037 | E7: 0.048385642 | F7: 0.99136049 | G7: 0.021925922 | H7: 0.035575263 | I7: 1.79 | L7: =B7-2014 -> 6 | M7: =VLOOKUP(A7,Sheet2!$B$2:$E$186,2,FALSE) -> 1 | N7: Americas | O7: Caribbean | P7: 1 | Q7: 0 | R7: 0 | S7: 0 | T7: 0 | U7: 1 | V7: 0 | W7: 0 | X7: 0 | Y7: 0 | Z7: 0 | AA7: 0 | AB7: 0 | AC7: 0 | AD7: 0 | AE7: 0 | AF7: 0 | AG7: 0 | AH7: 0 | AI7: 0 | AJ7: 0 | AK7: 0 | AL7: 0 | AM7: 0 | AN7: 0
A8: Angola | B8: 2015 | C8: 236550.8 | D8: 633460.12 | E8: 12.960231 | F8: 0.95452279 | G8: 0.064976379 | H8: 0.048470814 | I8: 120.0607 | J8: 1.452803 | K8: 1.3628134 | L8: =B8-2014 -> 1 | M8: =VLOOKUP(A8,Sheet2!$B$2:$E$186,2,FALSE) -> 2 | N8: Africa | O8: Middle Africa | P8: 0 | Q8: 0 | R8: 0 | S8: 1 | T8: 0 | U8: 0 | V8: 1 | W8: 0 | X8: 0 | Y8: 0 | Z8: 0 | AA8: 0 | AB8: 0 | AC8: 0 | AD8: 0 | AE8: 0 | AF8: 0 | AG8: 0 | AH8: 0 | AI8: 0 | AJ8: 0 | AK8: 0 | AL8: 0 | AM8: 0 | AN8: 0
A9: Angola | B9: 2016 | C9: 230400.47 | D9: 651413.44 | E9: 13.361247 | F9: 0.97432673 | G9: 0.067191809 | H9: 0.047874562 | I9: 163.65643 | J9: 1.460044 | K9: 1.2608935 | L9: =B9-2014 -> 2 | M9: =VLOOKUP(A9,Sheet2!$B$2:$E$186,2,FALSE) -> 2 | N9: Africa | O9: Middle Africa | P9: 0 | Q9: 0 | R9: 0 | S9: 1 | T9: 0 | U9: 0 | V9: 1 | W9: 0 | X9: 0 | Y9: 0 | Z9: 0 | AA9: 0 | AB9: 0 | AC9: 0 | AD9: 0 | AE9: 0 | AF9: 0 | AG9: 0 | AH9: 0 | AI9: 0 | AJ9: 0 | AK9: 0 | AL9: 0 | AM9: 0 | AN9: 0
A10: Angola | B10: 2017 | C10: 230170.08 | D10: 659431.12 | E10: 13.786605 | F10: 0.97949493 | G10: 0.055525072 | H10: 0.046948642 | I10: 165.91595 | J10: 1.4673212 | K10: 1.1825011 | L10: =B10-2014 -> 3 | M10: =VLOOKUP(A10,Sheet2!$B$2:$E$186,2,FALSE) -> 2 | N10: Africa | O10: Middle Africa | P10: 0 | Q10: 0 | R10: 0 | S10: 1 | T10: 0 | U10: 0 | V10: 1 | W10: 0 | X10: 0 | Y10: 0 | Z10: 0 | AA10: 0 | AB10: 0 | AC10: 0 | AD10: 0 | AE10: 0 | AF10: 0 | AG10: 0 | AH10: 0 | AI10: 0 | AJ10: 0 | AK10: 0 | AL10: 0 | AM10: 0 | AN10: 0
A11: Angola | B11: 2018 | C11: 227177.88 | D11: 665065.56 | E11: 14.224143 | F11: 0.98284638 | G11: 0.088185951 | H11: 0.04623979 | I11: 252.85575 | J11: 1.4746345 | K11: 1.1222218 | L11: =B11-2014 -> 4 | M11: =VLOOKUP(A11,Sheet2!$B$2:$E$186,2,FALSE) -> 2 | N11: Africa | O11: Middle Africa | P11: 0 | Q11: 0 | R11: 0 | S11: 1 | T11: 0 | U11: 0 | V11: 1 | W11: 0 | X11: 0 | Y11: 0 | Z11: 0 | AA11: 0 | AB11: 0 | AC11: 0 | AD11: 0 | AE11: 0 | AF11: 0 | AG11: 0 | AH11: 0 | AI11: 0 | AJ11: 0 | AK11: 0 | AL11: 0 | AM11: 0 | AN11: 0
A12: Angola | B12: 2019 | C12: 225587.61 | D12: 672279.19 | E12: 14.692121 | F12: 0.98982102 | G12: 0.1039909 | H12: 0.045704171 | I12: 364.8258 | J12: 1.4819844 | K12: 1.0870256 | L12: =B12-2014 -> 5 | M12: =VLOOKUP(A12,Sheet2!$B$2:$E$186,2,FALSE) -> 2 | N12: Africa | O12: Middle Africa | P12: 0 | Q12: 0 | R12: 0 | S12: 1 | T12: 0 | U12: 0 | V12: 1 | W12: 0 | X12: 0 | Y12: 0 | Z12: 0 | AA12: 0 | AB12: 0 | AC12: 0 | AD12: 0 | AE12: 0 | AF12: 0 | AG12: 0 | AH12: 0 | AI12: 0 | AJ12: 0 | AK12: 0 | AL12: 0 | AM12: 0 | AN12: 0
A13: Angola | B13: 2020 | C13: 212868.47 | D13: 677214.19 | E13: 15.093855 | F13: 0.99248093 | G13: 0.14851917 | H13: 0.04503566 | I13: 578.25878 | J13: 1.4893708 | K13: 1.0176498 | L13: =B13-2014 -> 6 | M13: =VLOOKUP(A13,Sheet2!$B$2:$E$186,2,FALSE) -> 2 | N13: Africa | O13: Middle Africa | P13: 0 | Q13: 0 | R13: 0 | S13: 1 | T13: 0 | U13: 0 | V13: 1 | W13: 0 | X13: 0 | Y13: 0 | Z13: 0 | AA13: 0 | AB13: 0 | AC13: 0 | AD13: 0 | AE13: 0 | AF13: 0 | AG13: 0 | AH13: 0 | AI13: 0 | AJ13: 0 | AK13: 0 | AL13: 0 | AM13: 0 | AN13: 0
A14: Anguilla | B14: 2015 | C14: 329.08401 | D14: 3546.1633 | H14: 0.026040448 | I14: 2.7 | L14: =B14-2014 -> 1 | M14: =VLOOKUP(A14,Sheet2!$B$2:$E$186,2,FALSE) -> 3 | N14: Americas | O14: Caribbean | P14: 1 | Q14: 0 | R14: 0 | S14: 0 | T14: 0 | U14: 1 | V14: 0 | W14: 0 | X14: 0 | Y14: 0 | Z14: 0 | AA14: 0 | AB14: 0 | AC14: 0 | AD14: 0 | AE14: 0 | AF14: 0 | AG14: 0 | AH14: 0 | AI14: 0 | AJ14: 0 | AK14: 0 | AL14: 0 | AM14: 0 | AN14: 0
A15: Anguilla | B15: 2016 | C15: 314.61246 | D15: 3592.6704 | H15: 0.025143981 | I15: 2.7 | L15: =B15-2014 -> 2 | M15: =VLOOKUP(A15,Sheet2!$B$2:$E$186,2,FALSE) -> 3 | N15: Americas | O15: Caribbean | P15: 1 | Q15: 0 | R15: 0 | S15: 0 | T15: 0 | U15: 1 | V15: 0 | W15: 0 | X15: 0 | Y15: 0 | Z15: 0 | AA15: 0 | AB15: 0 | AC15: 0 | AD15: 0 | AE15: 0 | AF15: 0 | AG15: 0 | AH15: 0 | AI15: 0 | AJ15: 0 | AK15: 0 | AL15: 0 | AM15: 0 | AN15: 0
A16: Anguilla | B16: 2017 | C16: 297.13239 | D16: 3638.699 | H16: 0.024726143 | I16: 2.7 | L16: =B16-2014 -> 3 | M16: =VLOOKUP(A16,Sheet2!$B$2:$E$186,2,FALSE) -> 3 | N16: Americas | O16: Caribbean | P16: 1 | Q16: 0 | R16: 0 | S16: 0 | T16: 0 | U16: 1 | V16: 0 | W16: 0 | X16: 0 | Y16: 0 | Z16: 0 | AA16: 0 | AB16: 0 | AC16: 0 | AD16: 0 | AE16: 0 | AF16: 0 | AG16: 0 | AH16: 0 | AI16: 0 | AJ16: 0 | AK16: 0 | AL16: 0 | AM16: 0 | AN16: 0
A17: Anguilla | B17: 2018 | C17: 320.89227 | D17: 3851.853 | H17: 0.025454829 | I17: 2.7 | L17: =B17-2014 -> 4 | M17: =VLOOKUP(A17,Sheet2!$B$2:$E$186,2,FALSE) -> 3 | N17: Americas | O17: Caribbean | P17: 1 | Q17: 0 | R17: 0 | S17: 0 | T17: 0 | U17: 1 | V17: 0 | W17: 0 | X17: 0 | Y17: 0 | Z17: 0 | AA17: 0 | AB17: 0 | AC17: 0 | AD17: 0 | AE17: 0 | AF17: 0 | AG17: 0 | AH17: 0 | AI17: 0 | AJ17: 0 | AK17: 0 | AL17: 0 | AM17: 0 | AN17: 0
A18: Anguilla | B18: 2019 | C18: 342.03168 | D18: 3890.531 | H18: 0.025963368 | I18: 2.7 | L18: =B18-2014 -> 5 | M18: =VLOOKUP(A18,Sheet2!$B$2:$E$186,2,FALSE) -> 3 | N18: Americas | O18: Caribbean | P18: 1 | Q18: 0 | R18: 0 | S18: 0 | T18: 0 | U18: 1 | V18: 0 | W18: 0 | X18: 0 | Y18: 0 | Z18: 0 | AA18: 0 | AB18: 0 | AC18: 0 | AD18: 0 | AE18: 0 | AF18: 0 | AG18: 0 | AH18: 0 | AI18: 0 | AJ18: 0 | AK18: 0 | AL18: 0 | AM18: 0 | AN18: 0
A19: Anguilla | B19: 2020 | C19: 242.52054 | D19: 3925.0625 | H19: 0.025695989 | I19: 2.7 | L19: =B19-2014 -> 6 | M19: =VLOOKUP(A19,Sheet2!$B$2:$E$186,2,FALSE) -> 3 | N19: Americas | O19: Caribbean | P19: 1 | Q19: 0 | R19: 0 | S19: 0 | T19: 0 | U19: 1 | V19: 0 | W19: 0 | X19: 0 | Y19: 0 | Z19: 0 | AA19: 0 | AB19: 0 | AC19: 0 | AD19: 0 | AE19: 0 | AF19: 0 | AG19: 0 | AH19: 0 | AI19: 0 | AJ19: 0 | AK19: 0 | AL19: 0 | AM19: 0 | AN19: 0
A20: Albania | B20: 2015 | C20: 35266.328 | D20: 202508.81 | E20: 0.98453122 | F20: 0.8370133 | G20: 0.0099999998 | H20: 0.028407658 | I20: 125.96167 | J20: 2.9801273 | K20: 1.0859904 | L20: =B20-2014 -> 1 | M20: =VLOOKUP(A20,Sheet2!$B$2:$E$186,2,FALSE) -> 4 | N20: Europe | O20: Southern Europe | P20: 0 | Q20: 1 | R20: 0 | S20: 0 | T20: 0 | U20: 0 | V20: 0 | W20: 1 | X20: 0 | Y20: 0 | Z20: 0 | AA20: 0 | AB20: 0 | AC20: 0 | AD20: 0 | AE20: 0 | AF20: 0 | AG20: 0 | AH20: 0 | AI20: 0 | AJ20: 0 | AK20: 0 | AL20: 0 | AM20: 0 | AN20: 0
A21: Albania | B21: 2016 | C21: 36435.223 | D21: 208733.62 | E21: 1.0445851 | F21: 0.86440355 | G21: 0.0099999998 | H21: 0.028467104 | I21: 124.1425 | J21: 2.9779167 | K21: 1.0072654 | L21: =B21-2014 -> 2 | M21: =VLOOKUP(A21,Sheet2!$B$2:$E$186,2,FALSE) -> 4 | N21: Europe | O21: Southern Europe | P21: 0 | Q21: 1 | R21: 0 | S21: 0 | T21: 0 | U21: 0 | V21: 0 | W21: 1 | X21: 0 | Y21: 0 | Z21: 0 | AA21: 0 | AB21: 0 | AC21: 0 | AD21: 0 | AE21: 0 | AF21: 0 | AG21: 0 | AH21: 0 | AI21: 0 | AJ21: 0 | AK21: 0 | AL21: 0 | AM21: 0 | AN21: 0
A22: Albania | B22: 2017 | C22: 37820.648 | D22: 215490.81 | E22: 1.0862823 | F22: 0.89211684 | G22: 0.0099999998 | H22: 0.028564056 | I22: 119.1 | J22: 2.9757078 | K22: 0.98870152 | L22: =B22-2014 -> 3 | M22: =VLOOKUP(A22,Sheet2!$B$2:$E$186,2,FALSE) -> 4 | N22: Europe | O22: Southern Europe | P22: 0 | Q22: 1 | R22: 0 | S22: 0 | T22: 0 | U22: 0 | V22: 0 | W22: 1 | X22: 0 | Y22: 0 | Z22: 0 | AA22: 0 | AB22: 0 | AC22: 0 | AD22: 0 | AE22: 0 | AF22: 0 | AG22: 0 | AH22: 0 | AI22: 0 | AJ22: 0 | AK22: 0 | AL22: 0 | AM22: 0 | AN22: 0
A23: Albania | B23: 2018 | C23: 39340.648 | D23: 222377.05 | E23: 1.1297612 | F23: 0.91985965 | G23: 0.042504009 | H23: 0.028637392 | I23: 107.98917 | J23: 2.982733 | K23: 0.96123201 | L23: =B23-2014 -> 4 | M23: =VLOOKUP(A23,Sheet2!$B$2:$E$186,2,FALSE) -> 4 | N23: Europe | O23: Southern Europe | P23: 0 | Q23: 1 | R23: 0 | S23: 0 | T23: 0 | U23: 0 | V23: 0 | W23: 1 | X23: 0 | Y23: 0 | Z23: 0 | AA23: 0 | AB23: 0 | AC23: 0 | AD23: 0 | AE23: 0 | AF23: 0 | AG23: 0 | AH23: 0 | AI23: 0 | AJ23: 0 | AK23: 0 | AL23: 0 | AM23: 0 | AN23: 0
A24: Albania | B24: 2019 | C24: 40161.957 | D24: 228637.81 | E24: 1.1612085 | F24: 0.94402945 | G24: 0.041939247 | H24: 0.028646111 | I24: 109.85083 | J24: 2.9897988 | K24: 0.94758809 | L24: =B24-2014 -> 5 | M24: =VLOOKUP(A24,Sheet2!$B$2:$E$186,2,FALSE) -> 4 | N24: Europe | O24: Southern Europe | P24: 0 | Q24: 1 | R24: 0 | S24: 0 | T24: 0 | U24: 0 | V24: 0 | W24: 1 | X24: 0 | Y24: 0 | Z24: 0 | AA24: 0 | AB24: 0 | AC24: 0 | AD24: 0 | AE24: 0 | AF24: 0 | AG24: 0 | AH24: 0 | AI24: 0 | AJ24: 0 | AK24: 0 | AL24: 0 | AM24: 0 | AN24: 0
A25: Albania | B25: 2020 | C25: 38835.777 | D25: 234575.39 | E25: 1.1091212 | F25: 0.96601796 | G25: 0.039108142 | H25: 0.028539147 | I25: 108.65 | J25: 2.9969051 | K25: 0.9754585 | L25: =B25-2014 -> 6 | M25: =VLOOKUP(A25,Sheet2!$B$2:$E$186,2,FALSE) -> 4 | N25: Europe | O25: Southern Europe | P25: 0 | Q25: 1 | R25: 0 | S25: 0 | T25: 0 | U25: 0 | V25: 0 | W25: 1 | X25: 0 | Y25: 0 | Z25: 0 | AA25: 0 | AB25: 0 | AC25: 0 | AD25: 0 | AE25: 0 | AF25: 0 | AG25: 0 | AH25: 0 | AI25: 0 | AJ25: 0 | AK25: 0 | AL25: 0 | AM25: 0 | AN25: 0
A26: United Arab Emirates | B26: 2015 | C26: 658130.94 | D26: 4665240.5 | E26: 5.7929506 | H26: 0.037582174 | I26: 3.6725 | J26: 2.8614409 | L26: =B26-2014 -> 1 | M26: =VLOOKUP(A26,Sheet2!$B$2:$E$186,2,FALSE) -> 5 | N26: Asia | O26: Western Asia | P26: 0 | Q26: 0 | R26: 1 | S26: 0 | T26: 0 | U26: 0 | V26: 0 | W26: 0 | X26: 1 | Y26: 0 | Z26: 0 | AA26: 0 | AB26: 0 | AC26: 0 | AD26: 0 | AE26: 0 | AF26: 0 | AG26: 0 | AH26: 0 | AI26: 0 | AJ26: 0 | AK26: 0 | AL26: 0 | AM26: 0 | AN26: 0
A27: United Arab Emirates | B27: 2016 | C27: 694732.88 | D27: 4863628.5 | E27: 5.8849597 | H27: 0.038047053 | I27: 3.6725 | J27: 2.8911457 | L27: =B27-2014 -> 2 | M27: =VLOOKUP(A27,Sheet2!$B$2:$E$186,2,FALSE) -> 5 | N27: Asia | O27: Western Asia | P27: 0 | Q27: 0 | R27: 1 | S27: 0 | T27: 0 | U27: 0 | V27: 0 | W27: 0 | X27: 1 | Y27: 0 | Z27: 0 | AA27: 0 | AB27: 0 | AC27: 0 | AD27: 0 | AE27: 0 | AF27: 0 | AG27: 0 | AH27: 0 | AI27: 0 | AJ27: 0 | AK27: 0 | AL27: 0 | AM27: 0 | AN27: 0
A28: United Arab Emirates | B28: 2017 | C28: 699839.62 | D28: 5015024 | E28: 5.9148078 | H28: 0.038230751 | I28: 3.6725 | J28: 3.1160605 | L28: =B28-2014 -> 3 | M28: =VLOOKUP(A28,Sheet2!$B$2:$E$186,2,FALSE) -> 5 | N28: Asia | O28: Western Asia | P28: 0 | Q28: 0 | R28: 1 | S28: 0 | T28: 0 | U28: 0 | V28: 0 | W28: 0 | X28: 1 | Y28: 0 | Z28: 0 | AA28: 0 | AB28: 0 | AC28: 0 | AD28: 0 | AE28: 0 | AF28: 0 | AG28: 0 | AH28: 0 | AI28: 0 | AJ28: 0 | AK28: 0 | AL28: 0 | AM28: 0 | AN28: 0
A29: United Arab Emirates | B29: 2018 | C29: 709034.88 | D29: 5142086.5 | E29: 5.9997139 | H29: 0.037886046 | I29: 3.6725 | J29: 3.1974719 | L29: =B29-2014 -> 4 | M29: =VLOOKUP(A29,Sheet2!$B$2:$E$186,2,FALSE) -> 5 | N29: Asia | O29: Western Asia | P29: 0 | Q29: 0 | R29: 1 | S29: 0 | T29: 0 | U29: 0 | V29: 0 | W29: 0 | X29: 1 | Y29: 0 | Z29: 0 | AA29: 0 | AB29: 0 | AC29: 0 | AD29: 0 | AE29: 0 | AF29: 0 | AG29: 0 | AH29: 0 | AI29: 0 | AJ29: 0 | AK29: 0 | AL29: 0 | AM29: 0 | AN29: 0
A30: United Arab Emirates | B30: 2019 | C30: 716893.44 | D30: 5297392 | E30: 6.0639725 | H30: 0.03722471 | I30: 3.6725 | J30: 3.2389719 | L30: =B30-2014 -> 5 | M30: =VLOOKUP(A30,Sheet2!$B$2:$E$186,2,FALSE) -> 5 | N30: Asia | O30: Western Asia | P30: 0 | Q30: 0 | R30: 1 | S30: 0 | T30: 0 | U30: 0 | V30: 0 | W30: 0 | X30: 1 | Y30: 0 | Z30: 0 | AA30: 0 | AB30: 0 | AC30: 0 | AD30: 0 | AE30: 0 | AF30: 0 | AG30: 0 | AH30: 0 | AI30: 0 | AJ30: 0 | AK30: 0 | AL30: 0 | AM30: 0 | AN30: 0
A31: United Arab Emirates | B31: 2020 | C31: 681356.69 | D31: 5393252.5 | E31: 5.9532986 | H31: 0.036395762 | I31: 3.6725 | J31: 3.2469378 | L31: =B31-2014 -> 6 | M31: =VLOOKUP(A31,Sheet2!$B$2:$E$186,2,FALSE) -> 5 | N31: Asia | O31: Western Asia | P31: 0 | Q31: 0 | R31: 1 | S31: 0 | T31: 0 | U31: 0 | V31: 0 | W31: 0 | X31: 1 | Y31: 0 | Z31: 0 | AA31: 0 | AB31: 0 | AC31: 0 | AD31: 0 | AE31: 0 | AF31: 0 | AG31: 0 | AH31: 0 | AI31: 0 | AJ31: 0 | AK31: 0 | AL31: 0 | AM31: 0 | AN31: 0
A32: Argentina | B32: 2015 | C32: 1230329.1 | D32: 4277609 | E32: 19.85445 | F32: 0.9085561 | G32: 0.12151588 | H32: 0.03857227 | I32: 9.2331855 | J32: 2.9752891 | K32: 1.147227 | L32: =B32-2014 -> 1 | M32: =VLOOKUP(A32,Sheet2!$B$2:$E$186,2,FALSE) -> 6 | N32: Americas | O32: South America | P32: 1 | Q32: 0 | R32: 0 | S32: 0 | T32: 0 | U32: 0 | V32: 0 | W32: 0 | X32: 0 | Y32: 1 | Z32: 0 | AA32: 0 | AB32: 0 | AC32: 0 | AD32: 0 | AE32: 0 | AF32: 0 | AG32: 0 | AH32: 0 | AI32: 0 | AJ32: 0 | AK32: 0 | AL32: 0 | AM32: 0 | AN32: 0
A33: Argentina | B33: 2016 | C33: 1204734.2 | D33: 4359475 | E33: 19.723175 | F33: 0.92795402 | G33: 0.11961012 | H33: 0.038749531 | I33: 14.758175 | J33: 3.0052135 | K33: 1.1401374 | L33: =B33-2014 -> 2 | M33: =VLOOKUP(A33,Sheet2!$B$2:$E$186,2,FALSE) -> 6 | N33: Americas | O33: South America | P33: 1 | Q33: 0 | R33: 0 | S33: 0 | T33: 0 | U33: 0 | V33: 0 | W33: 0 | X33: 0 | Y33: 1 | Z33: 0 | AA33: 0 | AB33: 0 | AC33: 0 | AD33: 0 | AE33: 0 | AF33: 0 | AG33: 0 | AH33: 0 | AI33: 0 | AJ33: 0 | AK33: 0 | AL33: 0 | AM33: 0 | AN33: 0
A34: Argentina | B34: 2017 | C34: 1238689.9 | D34: 4468098.5 | E34: 20.033661 | F34: 0.95406014 | G34: 0.12297056 | H34: 0.039081357 | I34: 16.562707 | J34: 3.0354388 | K34: 1.1736989 | L34: =B34-2014 -> 3 | M34: =VLOOKUP(A34,Sheet2!$B$2:$E$186,2,FALSE) -> 6 | N34: Americas | O34: South America | P34: 1 | Q34: 0 | R34: 0 | S34: 0 | T34: 0 | U34: 0 | V34: 0 | W34: 0 | X34: 0 | Y34: 1 | Z34: 0 | AA34: 0 | AB34: 0 | AC34: 0 | AD34: 0 | AE34: 0 | AF34: 0 | AG34: 0 | AH34: 0 | AI34: 0 | AJ34: 0 | AK34: 0 | AL34: 0 | AM34: 0 | AN34: 0
A35: Argentina | B35: 2018 | C35: 1206268.2 | D35: 4558053 | E35: 20.135071 | F35: 0.97380877 | G35: 0.13046715 | H35: 0.039239753 | I35: 28.094992 | J35: 3.065968 | K35: 1.1167079 | L35: =B35-2014 -> 4 | M35: =VLOOKUP(A35,Sheet2!$B$2:$E$186,2,FALSE) -> 6 | N35: Americas | O35: South America | P35: 1 | Q35: 0 | R35: 0 | S35: 0 | T35: 0 | U35: 0 | V35: 0 | W35: 0 | X35: 0 | Y35: 1 | Z35: 0 | AA35: 0 | AB35: 0 | AC35: 0 | AD35: 0 | AE35: 0 | AF35: 0 | AG35: 0 | AH35: 0 | AI35: 0 | AJ35: 0 | AK35: 0 | AL35: 0 | AM35: 0 | AN35: 0
A36: Argentina | B36: 2019 | C36: 1182132.5 | D36: 4605820 | E36: 20.643278 | F36: 0.98147285 | G36: 0.11970478 | H36: 0.03882077 | I36: 48.147892 | J36: 3.0968044 | K36: 1.0083193 | L36: =B36-2014 -> 5 | M36: =VLOOKUP(A36,Sheet2!$B$2:$E$186,2,FALSE) -> 6 | N36: Americas | O36: South America | P36: 1 | Q36: 0 | R36: 0 | S36: 0 | T36: 0 | U36: 0 | V36: 0 | W36: 0 | X36: 0 | Y36: 1 | Z36: 0 | AA36: 0 | AB36: 0 | AC36: 0 | AD36: 0 | AE36: 0 | AF36: 0 | AG36: 0 | AH36: 0 | AI36: 0 | AJ36: 0 | AK36: 0 | AL36: 0 | AM36: 0 | AN36: 0
A37: Argentina | B37: 2020 | C37: 1065095.8 | D37: 4625739 | E37: 18.749563 | F37: 0.98176628 | G37: 0.092383638 | H37: 0.038047366 | I37: 70.539167 | J37: 3.1279507 | K37: 0.98257148 | L37: =B37-2014 -> 6 | M37: =VLOOKUP(A37,Sheet2!$B$2:$E$186,2,FALSE) -> 6 | N37: Americas | O37: South America | P37: 1 | Q37: 0 | R37: 0 | S37: 0 | T37: 0 | U37: 0 | V37: 0 | W37: 0 | X37: 0 | Y37: 1 | Z37: 0 | AA37: 0 | AB37: 0 | AC37: 0 | AD37: 0 | AE37: 0 | AF37: 0 | AG37: 0 | AH37: 0 | AI37: 0 | AJ37: 0 | AK37: 0 | AL37: 0 | AM37: 0 | AN37: 0
A38: Armenia | B38: 2015 | C38: 41846.973 | D38: 211489.77 | E38: 1.0719054 | F38: 0.83716989 | G38: 0.079937756 | H38: 0.030163603 | I38: 477.91831 | J38: 3.205678 | K38: 0.93468469 | L38: =B38-2014 -> 1 | M38: =VLOOKUP(A38,Sheet2!$B$2:$E$186,2,FALSE) -> 7 | N38: Asia | O38: Western Asia | P38: 0 | Q38: 0 | R38: 1 | S38: 0 | T38: 0 | U38: 0 | V38: 0 | W38: 0 | X38: 1 | Y38: 0 | Z38: 0 | AA38: 0 | AB38: 0 | AC38: 0 | AD38: 0 | AE38: 0 | AF38: 0 | AG38: 0 | AH38: 0 | AI38: 0 | AJ38: 0 | AK38: 0 | AL38: 0 | AM38: 0 | AN38: 0
A39: Armenia | B39: 2016 | C39: 41918.883 | D39: 215075.11 | E39: 1.0058495 | F39: 0.85499561 | G39: 0.085348748 | H39: 0.030505069 | I39: 480.48815 | J39: 3.2312896 | K39: 0.92760533 | L39: =B39-2014 -> 2 | M39: =VLOOKUP(A39,Sheet2!$B$2:$E$186,2,FALSE) -> 7 | N39: Asia | O39: Western Asia | P39: 0 | Q39: 0 | R39: 1 | S39: 0 | T39: 0 | U39: 0 | V39: 0 | W39: 0 | X39: 1 | Y39: 0 | Z39: 0 | AA39: 0 | AB39: 0 | AC39: 0 | AD39: 0 | AE39: 0 | AF39: 0 | AG39: 0 | AH39: 0 | AI39: 0 | AJ39: 0 | AK39: 0 | AL39: 0 | AM39: 0 | AN39: 0
A40: Armenia | B40: 2017 | C40: 45075.051 | D40: 219472.14 | E40: 1.012529 | F40: 0.87775975 | G40: 0.095580965 | H40: 0.030879976 | I40: 482.71639 | J40: 3.1257348 | K40: 1.03466 | L40: =B40-2014 -> 3 | M40: =VLOOKUP(A40,Sheet2!$B$2:$E$186,2,FALSE) -> 7 | N40: Asia | O40: Western Asia | P40: 0 | Q40: 0 | R40: 1 | S40: 0 | T40: 0 | U40: 0 | V40: 0 | W40: 0 | X40: 1 | Y40: 0 | Z40: 0 | AA40: 0 | AB40: 0 | AC40: 0 | AD40: 0 | AE40: 0 | AF40: 0 | AG40: 0 | AH40: 0 | AI40: 0 | AJ40: 0 | AK40: 0 | AL40: 0 | AM40: 0 | AN40: 0
A41: Armenia | B41: 2018 | C41: 47420.078 | D41: 224084.03 | E41: 1.0501386 | F41: 0.90529245 | G41: 0.10928801 | H41: 0.031643361 | I41: 482.98795 | J41: 3.1354442 | K41: 1.045197 | L41: =B41-2014 -> 4 | M41: =VLOOKUP(A41,Sheet2!$B$2:$E$186,2,FALSE) -> 7 | N41: Asia | O41: Western Asia | P41: 0 | Q41: 0 | R41: 1 | S41: 0 | T41: 0 | U41: 0 | V41: 0 | W41: 0 | X41: 1 | Y41: 0 | Z41: 0 | AA41: 0 | AB41: 0 | AC41: 0 | AD41: 0 | AE41: 0 | AF41: 0 | AG41: 0 | AH41: 0 | AI41: 0 | AJ41: 0 | AK41: 0 | AL41: 0 | AM41: 0 | AN41: 0
A42: Armenia | B42: 2019 | C42: 51038.363 | D42: 228847.75 | E42: 1.0787355 | F42: 0.93197751 | G42: 0.1275692 | H42: 0.03263529 | I42: 480.44513 | J42: 3.1451833 | K42: 1.0843748 | L42: =B42-2014 -> 5 | M42: =VLOOKUP(A42,Sheet2!$B$2:$E$186,2,FALSE) -> 7 | N42: Asia | O42: Western Asia | P42: 0 | Q42: 0 | R42: 1 | S42: 0 | T42: 0 | U42: 0 | V42: 0 | W42: 0 | X42: 1 | Y42: 0 | Z42: 0 | AA42: 0 | AB42: 0 | AC42: 0 | AD42: 0 | AE42: 0 | AF42: 0 | AG42: 0 | AH42: 0 | AI42: 0 | AJ42: 0 | AK42: 0 | AL42: 0 | AM42: 0 | AN42: 0
A43: Armenia | B43: 2020 | C43: 47384.656 | D43: 233158.67 | E43: 1.0520116 | F43: 0.95704949 | G43: 0.099061631 | H43: 0.033560444 | I43: 489.00886 | J43: 3.154953 | K43: 1.0173542 | L43: =B43-2014 -> 6 | M43: =VLOOKUP(A43,Sheet2!$B$2:$E$186,2,FALSE) -> 7 | N43: Asia | O43: Western Asia | P43: 0 | Q43: 0 | R43: 1 | S43: 0 | T43: 0 | U43: 0 | V43: 0 | W43: 0 | X43: 1 | Y43: 0 | Z43: 0 | AA43: 0 | AB43: 0 | AC43: 0 | AD43: 0 | AE43: 0 | AF43: 0 | AG43: 0 | AH43: 0 | AI43: 0 | AJ43: 0 | AK43: 0 | AL43: 0 | AM43: 0 | AN43: 0
A44: Antigua and Barbuda | B44: 2015 | C44: 2432.9783 | D44: 13355.218 | H44: 0.029056711 | I44: 2.7 | L44: =B44-2014 -> 1 | M44: =VLOOKUP(A44,Sheet2!$B$2:$E$186,2,FALSE) -> 8 | N44: Americas | O44: Caribbean | P44: 1 | Q44: 0 | R44: 0 | S44: 0 | T44: 0 | U44: 1 | V44: 0 | W44: 0 | X44: 0 | Y44: 0 | Z44: 0 | AA44: 0 | AB44: 0 | AC44: 0 | AD44: 0 | AE44: 0 | AF44: 0 | AG44: 0 | AH44: 0 | AI44: 0 | AJ44: 0 | AK44: 0 | AL44: 0 | AM44: 0 | AN44: 0
A45: Antigua and Barbuda | B45: 2016 | C45: 2533.218 | D45: 13828.776 | H45: 0.027788715 | I45: 2.7 | L45: =B45-2014 -> 2 | M45: =VLOOKUP(A45,Sheet2!$B$2:$E$186,2,FALSE) -> 8 | N45: Americas | O45: Caribbean | P45: 1 | Q45: 0 | R45: 0 | S45: 0 | T45: 0 | U45: 1 | V45: 0 | W45: 0 | X45: 0 | Y45: 0 | Z45: 0 | AA45: 0 | AB45: 0 | AC45: 0 | AD45: 0 | AE45: 0 | AF45: 0 | AG45: 0 | AH45: 0 | AI45: 0 | AJ45: 0 | AK45: 0 | AL45: 0 | AM45: 0 | AN45: 0
A46: Antigua and Barbuda | B46: 2017 | C46: 2595.0942 | D46: 14329.291 | H46: 0.02737979 | I46: 2.7 | L46: =B46-2014 -> 3 | M46: =VLOOKUP(A46,Sheet2!$B$2:$E$186,2,FALSE) -> 8 | N46: Americas | O46: Caribbean | P46: 1 | Q46: 0 | R46: 0 | S46: 0 | T46: 0 | U46: 1 | V46: 0 | W46: 0 | X46: 0 | Y46: 0 | Z46: 0 | AA46: 0 | AB46: 0 | AC46: 0 | AD46: 0 | AE46: 0 | AF46: 0 | AG46: 0 | AH46: 0 | AI46: 0 | AJ46: 0 | AK46: 0 | AL46: 0 | AM46: 0 | AN46: 0
A47: Antigua and Barbuda | B47: 2018 | C47: 2775.7732 | D47: 15424.913 | H47: 0.027495027 | I47: 2.7 | L47: =B47-2014 -> 4 | M47: =VLOOKUP(A47,Sheet2!$B$2:$E$186,2,FALSE) -> 8 | N47: Americas | O47: Caribbean | P47: 1 | Q47: 0 | R47: 0 | S47: 0 | T47: 0 | U47: 1 | V47: 0 | W47: 0 | X47: 0 | Y47: 0 | Z47: 0 | AA47: 0 | AB47: 0 | AC47: 0 | AD47: 0 | AE47: 0 | AF47: 0 | AG47: 0 | AH47: 0 | AI47: 0 | AJ47: 0 | AK47: 0 | AL47: 0 | AM47: 0 | AN47: 0
A48: Antigua and Barbuda | B48: 2019 | C48: 2861.7812 | D48: 16487.715 | H48: 0.027511491 | I48: 2.7 | L48: =B48-2014 -> 5 | M48: =VLOOKUP(A48,Sheet2!$B$2:$E$186,2,FALSE) -> 8 | N48: Americas | O48: Caribbean | P48: 1 | Q48: 0 | R48: 0 | S48: 0 | T48: 0 | U48: 1 | V48: 0 | W48: 0 | X48: 0 | Y48: 0 | Z48: 0 | AA48: 0 | AB48: 0 | AC48: 0 | AD48: 0 | AE48: 0 | AF48: 0 | AG48: 0 | AH48: 0 | AI48: 0 | AJ48: 0 | AK48: 0 | AL48: 0 | AM48: 0 | AN48: 0
A49: Antigua and Barbuda | B49: 2020 | C49: 2321.6008 | D49: 17287.861 | H49: 0.027496908 | I49: 2.7 | L49: =B49-2014 -> 6 | M49: =VLOOKUP(A49,Sheet2!$B$2:$E$186,2,FALSE) -> 8 | N49: Americas | O49: Caribbean | P49: 1 | Q49: 0 | R49: 0 | S49: 0 | T49: 0 | U49: 1 | V49: 0 | W49: 0 | X49: 0 | Y49: 0 | Z49: 0 | AA49: 0 | AB49: 0 | AC49: 0 | AD49: 0 | AE49: 0 | AF49: 0 | AG49: 0 | AH49: 0 | AI49: 0 | AJ49: 0 | AK49: 0 | AL49: 0 | AM49: 0 | AN49: 0
A50: Australia | B50: 2015 | C50: 1434652.9 | D50: 6797224 | E50: 12.047878 | F50: 0.8755154 | G50: 0.042177584 | H50: 0.032884359 | I50: 1.3310903 | J50: 3.4955034 | K50: 0.96135288 | L50: =B50-2014 -> 1 | M50: =VLOOKUP(A50,Sheet2!$B$2:$E$186,2,FALSE) -> 9 | N50: Oceania | O50: Australia and New Zealand | P50: 0 | Q50: 0 | R50: 0 | S50: 0 | T50: 1 | U50: 0 | V50: 0 | W50: 0 | X50: 0 | Y50: 0 | Z50: 1 | AA50: 0 | AB50: 0 | AC50: 0 | AD50: 0 | AE50: 0 | AF50: 0 | AG50: 0 | AH50: 0 | AI50: 0 | AJ50: 0 | AK50: 0 | AL50: 0 | AM50: 0 | AN50: 0
A51: Australia | B51: 2016 | C51: 1467357.1 | D51: 6940895 | E51: 12.306465 | F51: 0.89267379 | G51: 0.048659649 | H51: 0.03270838 | I51: 1.345214 | J51: 3.5089662 | K51: 0.96424389 | L51: =B51-2014 -> 2 | M51: =VLOOKUP(A51,Sheet2!$B$2:$E$186,2,FALSE) -> 9 | N51: Oceania | O51: Australia and New Zealand | P51: 0 | Q51: 0 | R51: 0 | S51: 0 | T51: 1 | U51: 0 | V51: 0 | W51: 0 | X51: 0 | Y51: 0 | Z51: 1 | AA51: 0 | AB51: 0 | AC51: 0 | AD51: 0 | AE51: 0 | AF51: 0 | AG51: 0 | AH51: 0 | AI51: 0 | AJ51: 0 | AK51: 0 | AL51: 0 | AM51: 0 | AN51: 0
A52: Australia | B52: 2017 | C52: 1509594.5 | D52: 7098245 | E52: 12.49967 | F52: 0.91340268 | G52: 0.048920996 | H52: 0.032601576 | I52: 1.3047581 | J52: 3.5224807 | K52: 0.97884685 | L52: =B52-2014 -> 3 | M52: =VLOOKUP(A52,Sheet2!$B$2:$E$186,2,FALSE) -> 9 | N52: Oceania | O52: Australia and New Zealand | P52: 0 | Q52: 0 | R52: 0 | S52: 0 | T52: 1 | U52: 0 | V52: 0 | W52: 0 | X52: 0 | Y52: 0 | Z52: 1 | AA52: 0 | AB52: 0 | AC52: 0 | AD52: 0 | AE52: 0 | AF52: 0 | AG52: 0 | AH52: 0 | AI52: 0 | AJ52: 0 | AK52: 0 | AL52: 0 | AM52: 0 | AN52: 0
A53: Australia | B53: 2018 | C53: 1542376 | D53: 7245557 | E53: 12.894797 | F53: 0.93318999 | G53: 0.050532214 | H53: 0.032594334 | I53: 1.3384121 | J53: 3.5360475 | K53: 0.96644026 | L53: =B53-2014 -> 4 | M53: =VLOOKUP(A53,Sheet2!$B$2:$E$186,2,FALSE) -> 9 | N53: Oceania | O53: Australia and New Zealand | P53: 0 | Q53: 0 | R53: 0 | S53: 0 | T53: 1 | U53: 0 | V53: 0 | W53: 0 | X53: 0 | Y53: 0 | Z53: 1 | AA53: 0 | AB53: 0 | AC53: 0 | AD53: 0 | AE53: 0 | AF53: 0 | AG53: 0 | AH53: 0 | AI53: 0 | AJ53: 0 | AK53: 0 | AL53: 0 | AM53: 0 | AN53: 0
A54: Australia | B54: 2019 | C54: 1540531.4 | D54: 7380284 | E54: 13.18217 | F54: 0.95223349 | G54: 0.049570218 | H54: 0.032651324 | I54: 1.4385065 | J54: 3.5496662 | K54: 0.93339348 | L54: =B54-2014 -> 5 | M54: =VLOOKUP(A54,Sheet2!$B$2:$E$186,2,FALSE) -> 9 | N54: Oceania | O54: Australia and New Zealand | P54: 0 | Q54: 0 | R54: 0 | S54: 0 | T54: 1 | U54: 0 | V54: 0 | W54: 0 | X54: 0 | Y54: 0 | Z54: 1 | AA54: 0 | AB54: 0 | AC54: 0 | AD54: 0 | AE54: 0 | AF54: 0 | AG54: 0 | AH54: 0 | AI54: 0 | AJ54: 0 | AK54: 0 | AL54: 0 | AM54: 0 | AN54: 0
A55: Australia | B55: 2020 | C55: 1573054.6 | D55: 7524767.5 | E55: 13.200292 | F55: 0.97344148 | G55: 0.05236445 | H55: 0.032792471 | I55: 1.4530851 | J55: 3.5633376 | K55: 0.96627694 | L55: =B55-2014 -> 6 | M55: =VLOOKUP(A55,Sheet2!$B$2:$E$186,2,FALSE) -> 9 | N55: Oceania | O55: Australia and New Zealand | P55: 0 | Q55: 0 | R55: 0 | S55: 0 | T55: 1 | U55: 0 | V55: 0 | W55: 0 | X55: 0 | Y55: 0 | Z55: 1 | AA55: 0 | AB55: 0 | AC55: 0 | AD55: 0 | AE55: 0 | AF55: 0 | AG55: 0 | AH55: 0 | AI55: 0 | AJ55: 0 | AK55: 0 | AL55: 0 | AM55: 0 | AN55: 0
A56: Austria | B56: 2015 | C56: 516414.19 | D56: 2852331.8 | E56: 4.274085 | F56: 0.86857909 | G56: 0.054969963 | H56: 0.040999498 | I56: 0.90129642 | J56: 3.3370633 | K56: 1.0007875 | L56: =B56-2014 -> 1 | M56: =VLOOKUP(A56,Sheet2!$B$2:$E$186,2,FALSE) -> 10 | N56: Europe | O56: Western Europe | P56: 0 | Q56: 1 | R56: 0 | S56: 0 | T56: 0 | U56: 0 | V56: 0 | W56: 0 | X56: 0 | Y56: 0 | Z56: 0 | AA56: 1 | AB56: 0 | AC56: 0 | AD56: 0 | AE56: 0 | AF56: 0 | AG56: 0 | AH56: 0 | AI56: 0 | AJ56: 0 | AK56: 0 | AL56: 0 | AM56: 0 | AN56: 0
A57: Austria | B57: 2016 | C57: 527347.81 | D57: 2896182.8 | E57: 4.3218293 | F57: 0.88839412 | G57: 0.057066638 | H57: 0.041384283 | I57: 0.90342144 | J57: 3.3480053 | K57: 1.0020806 | L57: =B57-2014 -> 2 | M57: =VLOOKUP(A57,Sheet2!$B$2:$E$186,2,FALSE) -> 10 | N57: Europe | O57: Western Europe | P57: 0 | Q57: 1 | R57: 0 | S57: 0 | T57: 0 | U57: 0 | V57: 0 | W57: 0 | X57: 0 | Y57: 0 | Z57: 0 | AA57: 1 | AB57: 0 | AC57: 0 | AD57: 0 | AE57: 0 | AF57: 0 | AG57: 0 | AH57: 0 | AI57: 0 | AJ57: 0 | AK57: 0 | AL57: 0 | AM57: 0 | AN57: 0
A58: Austria | B58: 2017 | C58: 539330.44 | D58: 2943963 | E58: 4.3961616 | F58: 0.90993124 | G58: 0.056410644 | H58: 0.041900516 | I58: 0.88520551 | J58: 3.358983 | K58: 1.0059277 | L58: =B58-2014 -> 3 | M58: =VLOOKUP(A58,Sheet2!$B$2:$E$186,2,FALSE) -> 10 | N58: Europe | O58: Western Europe | P58: 0 | Q58: 1 | R58: 0 | S58: 0 | T58: 0 | U58: 0 | V58: 0 | W58: 0 | X58: 0 | Y58: 0 | Z58: 0 | AA58: 1 | AB58: 0 | AC58: 0 | AD58: 0 | AE58: 0 | AF58: 0 | AG58: 0 | AH58: 0 | AI58: 0 | AJ58: 0 | AK58: 0 | AL58: 0 | AM58: 0 | AN58: 0
A59: Austria | B59: 2018 | C59: 552728.62 | D59: 2995897.5 | E59: 4.4743743 | F59: 0.93323362 | G59: 0.056599639 | H59: 0.042459585 | I59: 0.84677267 | J59: 3.3699968 | K59: 1.0040832 | L59: =B59-2014 -> 4 | M59: =VLOOKUP(A59,Sheet2!$B$2:$E$186,2,FALSE) -> 10 | N59: Europe | O59: Western Europe | P59: 0 | Q59: 1 | R59: 0 | S59: 0 | T59: 0 | U59: 0 | V59: 0 | W59: 0 | X59: 0 | Y59: 0 | Z59: 0 | AA59: 1 | AB59: 0 | AC59: 0 | AD59: 0 | AE59: 0 | AF59: 0 | AG59: 0 | AH59: 0 | AI59: 0 | AJ59: 0 | AK59: 0 | AL59: 0 | AM59: 0 | AN59: 0
A60: Austria | B60: 2019 | C60: 562428.88 | D60: 3051706.8 | E60: 4.5249476 | F60: 0.95824063 | G60: 0.054834865 | H60: 0.043054093 | I60: 0.89327626 | J60: 3.3810463 | K60: 0.98654741 | L60: =B60-2014 -> 5 | M60: =VLOOKUP(A60,Sheet2!$B$2:$E$186,2,FALSE) -> 10 | N60: Europe | O60: Western Europe | P60: 0 | Q60: 1 | R60: 0 | S60: 0 | T60: 0 | U60: 0 | V60: 0 | W60: 0 | X60: 0 | Y60: 0 | Z60: 0 | AA60: 1 | AB60: 0 | AC60: 0 | AD60: 0 | AE60: 0 | AF60: 0 | AG60: 0 | AH60: 0 | AI60: 0 | AJ60: 0 | AK60: 0 | AL60: 0 | AM60: 0 | AN60: 0
A61: Austria | B61: 2020 | C61: 526893.19 | D61: 3094446 | E61: 4.451417 | F61: 0.97524846 | G61: 0.049113341 | H61: 0.043485682 | I61: 0.8755064 | J61: 3.3921325 | K61: 0.97551 | L61: =B61-2014 -> 6 | M61: =VLOOKUP(A61,Sheet2!$B$2:$E$186,2,FALSE) -> 10 | N61: Europe | O61: Western Europe | P61: 0 | Q61: 1 | R61: 0 | S61: 0 | T61: 0 | U61: 0 | V61: 0 | W61: 0 | X61: 0 | Y61: 0 | Z61: 0 | AA61: 1 | AB61: 0 | AC61: 0 | AD61: 0 | AE61: 0 | AF61: 0 | AG61: 0 | AH61: 0 | AI61: 0 | AJ61: 0 | AK61: 0 | AL61: 0 | AM61: 0 | AN61: 0
A62: Azerbaijan | B62: 2015 | C62: 195136.05 | D62: 368307.34 | E62: 4.7411656 | F62: 0.73924595 | G62: 0.22734904 | H62: 0.064979561 | I62: 1.0245638 | L62: =B62-2014 -> 1 | M62: =VLOOKUP(A62,Sheet2!$B$2:$E$186,2,FALSE) -> 11 | N62: Asia | O62: Western Asia | P62: 0 | Q62: 0 | R62: 1 | S62: 0 | T62: 0 | U62: 0 | V62: 0 | W62: 0 | X62: 1 | Y62: 0 | Z62: 0 | AA62: 0 | AB62: 0 | AC62: 0 | AD62: 0 | AE62: 0 | AF62: 0 | AG62: 0 | AH62: 0 | AI62: 0 | AJ62: 0 | AK62: 0 | AL62: 0 | AM62: 0 | AN62: 0
A63: Azerbaijan | B63: 2016 | C63: 189017.14 | D63: 394848.44 | E63: 4.8313079 | F63: 0.79111302 | G63: 0.20023428 | H63: 0.06318412 | I63: 1.5957216 | L63: =B63-2014 -> 2 | M63: =VLOOKUP(A63,Sheet2!$B$2:$E$186,2,FALSE) -> 11 | N63: Asia | O63: Western Asia | P63: 0 | Q63: 0 | R63: 1 | S63: 0 | T63: 0 | U63: 0 | V63: 0 | W63: 0 | X63: 1 | Y63: 0 | Z63: 0 | AA63: 0 | AB63: 0 | AC63: 0 | AD63: 0 | AE63: 0 | AF63: 0 | AG63: 0 | AH63: 0 | AI63: 0 | AJ63: 0 | AK63: 0 | AL63: 0 | AM63: 0 | AN63: 0
A64: Azerbaijan | B64: 2017 | C64: 189170.41 | D64: 419901.53 | E64: 4.8943081 | F64: 0.83890837 | G64: 0.20941725 | H64: 0.061478388 | I64: 1.7211548 | L64: =B64-2014 -> 3 | M64: =VLOOKUP(A64,Sheet2!$B$2:$E$186,2,FALSE) -> 11 | N64: Asia | O64: Western Asia | P64: 0 | Q64: 0 | R64: 1 | S64: 0 | T64: 0 | U64: 0 | V64: 0 | W64: 0 | X64: 1 | Y64: 0 | Z64: 0 | AA64: 0 | AB64: 0 | AC64: 0 | AD64: 0 | AE64: 0 | AF64: 0 | AG64: 0 | AH64: 0 | AI64: 0 | AJ64: 0 | AK64: 0 | AL64: 0 | AM64: 0 | AN64: 0
A65: Azerbaijan | B65: 2018 | C65: 192100.31 | D65: 441449.66 | E65: 4.9452314 | F65: 0.88435233 | G65: 0.22378233 | H65: 0.060749531 | I65: 1.7000167 | L65: =B65-2014 -> 4 | M65: =VLOOKUP(A65,Sheet2!$B$2:$E$186,2,FALSE) -> 11 | N65: Asia | O65: Western Asia | P65: 0 | Q65: 0 | R65: 1 | S65: 0 | T65: 0 | U65: 0 | V65: 0 | W65: 0 | X65: 1 | Y65: 0 | Z65: 0 | AA65: 0 | AB65: 0 | AC65: 0 | AD65: 0 | AE65: 0 | AF65: 0 | AG65: 0 | AH65: 0 | AI65: 0 | AJ65: 0 | AK65: 0 | AL65: 0 | AM65: 0 | AN65: 0
A66: Azerbaijan | B66: 2019 | C66: 196872.59 | D66: 462980.34 | E66: 4.8457956 | F66: 0.93263495 | G66: 0.17537919 | H66: 0.061025657 | I66: 1.7 | L66: =B66-2014 -> 5 | M66: =VLOOKUP(A66,Sheet2!$B$2:$E$186,2,FALSE) -> 11 | N66: Asia | O66: Western Asia | P66: 0 | Q66: 0 | R66: 1 | S66: 0 | T66: 0 | U66: 0 | V66: 0 | W66: 0 | X66: 1 | Y66: 0 | Z66: 0 | AA66: 0 | AB66: 0 | AC66: 0 | AD66: 0 | AE66: 0 | AF66: 0 | AG66: 0 | AH66: 0 | AI66: 0 | AJ66: 0 | AK66: 0 | AL66: 0 | AM66: 0 | AN66: 0
A67: Azerbaijan | B67: 2020 | C67: 188522.8 | D67: 480677.28 | E67: 4.7833066 | F67: 0.97449416 | G67: 0.11215415 | H67: 0.061530951 | I67: 1.7 | L67: =B67-2014 -> 6 | M67: =VLOOKUP(A67,Sheet2!$B$2:$E$186,2,FALSE) -> 11 | N67: Asia | O67: Western Asia | P67: 0 | Q67: 0 | R67: 1 | S67: 0 | T67: 0 | U67: 0 | V67: 0 | W67: 0 | X67: 1 | Y67: 0 | Z67: 0 | AA67: 0 | AB67: 0 | AC67: 0 | AD67: 0 | AE67: 0 | AF67: 0 | AG67: 0 | AH67: 0 | AI67: 0 | AJ67: 0 | AK67: 0 | AL67: 0 | AM67: 0 | AN67: 0
A68: Burundi | B68: 2015 | C68: 10484.599 | D68: 23609.646 | E68: 4.6670656 | F68: 0.8077004 | G68: 0.085311078 | H68: 0.038354579 | I68: 1571.8983 | J68: 1.3625451 | K68: 1.0233629 | L68: =B68-2014 -> 1 | M68: =VLOOKUP(A68,Sheet2!$B$2:$E$186,2,FALSE) -> 12 | N68: Africa | O68: Eastern Africa | P68: 0 | Q68: 0 | R68: 0 | S68: 1 | T68: 0 | U68: 0 | V68: 0 | W68: 0 | X68: 0 | Y68: 0 | Z68: 0 | AA68: 0 | AB68: 1 | AC68: 0 | AD68: 0 | AE68: 0 | AF68: 0 | AG68: 0 | AH68: 0 | AI68: 0 | AJ68: 0 | AK68: 0 | AL68: 0 | AM68: 0 | AN68: 0
A69: Burundi | B69: 2016 | C69: 10820.103 | D69: 24462.926 | E69: 4.70259 | F69: 0.84132475 | G69: 0.083831139 | H69: 0.038614199 | I69: 1654.6267 | J69: 1.3758445 | K69: 1.0107194 | L69: =B69-2014 -> 2 | M69: =VLOOKUP(A69,Sheet2!$B$2:$E$186,2,FALSE) -> 12 | N69: Africa | O69: Eastern Africa | P69: 0 | Q69: 0 | R69: 0 | S69: 1 | T69: 0 | U69: 0 | V69: 0 | W69: 0 | X69: 0 | Y69: 0 | Z69: 0 | AA69: 0 | AB69: 1 | AC69: 0 | AD69: 0 | AE69: 0 | AF69: 0 | AG69: 0 | AH69: 0 | AI69: 0 | AJ69: 0 | AK69: 0 | AL69: 0 | AM69: 0 | AN69: 0
A70: Burundi | B70: 2017 | C70: 11234.771 | D70: 25370.279 | E70: 4.8019404 | F70: 0.87729532 | G70: 0.088728897 | H70: 0.038938351 | I70: 1729.055 | J70: 1.3892734 | K70: 1.0269836 | L70: =B70-2014 -> 3 | M70: =VLOOKUP(A70,Sheet2!$B$2:$E$186,2,FALSE) -> 12 | N70: Africa | O70: Eastern Africa | P70: 0 | Q70: 0 | R70: 0 | S70: 1 | T70: 0 | U70: 0 | V70: 0 | W70: 0 | X70: 0 | Y70: 0 | Z70: 0 | AA70: 0 | AB70: 1 | AC70: 0 | AD70: 0 | AE70: 0 | AF70: 0 | AG70: 0 | AH70: 0 | AI70: 0 | AJ70: 0 | AK70: 0 | AL70: 0 | AM70: 0 | AN70: 0
A71: Burundi | B71: 2018 | C71: 11830.962 | D71: 26346.545 | E71: 4.972734 | F71: 0.92636377 | G71: 0.09137857 | H71: 0.039663777 | I71: 1782.8769 | J71: 1.4028336 | K71: 1.0240164 | L71: =B71-2014 -> 4 | M71: =VLOOKUP(A71,Sheet2!$B$2:$E$186,2,FALSE) -> 12 | N71: Africa | O71: Eastern Africa | P71: 0 | Q71: 0 | R71: 0 | S71: 1 | T71: 0 | U71: 0 | V71: 0 | W71: 0 | X71: 0 | Y71: 0 | Z71: 0 | AA71: 0 | AB71: 1 | AC71: 0 | AD71: 0 | AE71: 0 | AF71: 0 | AG71: 0 | AH71: 0 | AI71: 0 | AJ71: 0 | AK71: 0 | AL71: 0 | AM71: 0 | AN71: 0
A72: Burundi | B72: 2019 | C72: 12358.628 | D72: 27241.637 | E72: 5.174489 | F72: 0.96127361 | G72: 0.1026398 | H72: 0.040441103 | I72: 1845.6229 | J72: 1.4165261 | K72: 1.0171225 | L72: =B72-2014 -> 5 | M72: =VLOOKUP(A72,Sheet2!$B$2:$E$186,2,FALSE) -> 12 | N72: Africa | O72: Eastern Africa | P72: 0 | Q72: 0 | R72: 0 | S72: 1 | T72: 0 | U72: 0 | V72: 0 | W72: 0 | X72: 0 | Y72: 0 | Z72: 0 | AA72: 0 | AB72: 1 | AC72: 0 | AD72: 0 | AE72: 0 | AF72: 0 | AG72: 0 | AH72: 0 | AI72: 0 | AJ72: 0 | AK72: 0 | AL72: 0 | AM72: 0 | AN72: 0
A73: Burundi | B73: 2020 | C73: 12399.062 | D73: 27774.307 | E73: 5.3022203 | F73: 0.97707385 | G73: 0.11009581 | H73: 0.040479057 | I73: 1915.0462 | J73: 1.4303522 | K73: 1.0115449 | L73: =B73-2014 -> 6 | M73: =VLOOKUP(A73,Sheet2!$B$2:$E$186,2,FALSE) -> 12 | N73: Africa | O73: Eastern Africa | P73: 0 | Q73: 0 | R73: 0 | S73: 1 | T73: 0 | U73: 0 | V73: 0 | W73: 0 | X73: 0 | Y73: 0 | Z73: 0 | AA73: 0 | AB73: 1 | AC73: 0 | AD73: 0 | AE73: 0 | AF73: 0 | AG73: 0 | AH73: 0 | AI73: 0 | AJ73: 0 | AK73: 0 | AL73: 0 | AM73: 0 | AN73: 0
A74: Belgium | B74: 2015 | C74: 593070.19 | D74: 3358413 | E74: 4.6070652 | F74: 0.8653881 | G74: 0.068391383 | H74: 0.042622752 | I74: 0.90129642 | J74: 3.1239145 | K74: 1.0318847 | L74: =B74-2014 -> 1 | M74: =VLOOKUP(A74,Sheet2!$B$2:$E$186,2,FALSE) -> 13 | N74: Europe | O74: Western Europe | P74: 0 | Q74: 1 | R74: 0 | S74: 0 | T74: 0 | U74: 0 | V74: 0 | W74: 0 | X74: 0 | Y74: 0 | Z74: 0 | AA74: 1 | AB74: 0 | AC74: 0 | AD74: 0 | AE74: 0 | AF74: 0 | AG74: 0 | AH74: 0 | AI74: 0 | AJ74: 0 | AK74: 0 | AL74: 0 | AM74: 0 | AN74: 0
A75: Belgium | B75: 2016 | C75: 600148.5 | D75: 3434728.5 | E75: 4.6648254 | F75: 0.88889682 | G75: 0.069843806 | H75: 0.042948611 | I75: 0.90342144 | J75: 3.1301756 | K75: 1.0366055 | L75: =B75-2014 -> 2 | M75: =VLOOKUP(A75,Sheet2!$B$2:$E$186,2,FALSE) -> 13 | N75: Europe | O75: Western Europe | P75: 0 | Q75: 1 | R75: 0 | S75: 0 | T75: 0 | U75: 0 | V75: 0 | W75: 0 | X75: 0 | Y75: 0 | Z75: 0 | AA75: 1 | AB75: 0 | AC75: 0 | AD75: 0 | AE75: 0 | AF75: 0 | AG75: 0 | AH75: 0 | AI75: 0 | AJ75: 0 | AK75: 0 | AL75: 0 | AM75: 0 | AN75: 0
A76: Belgium | B76: 2017 | C76: 608997.5 | D76: 3509448.2 | E76: 4.7344503 | F76: 0.91161776 | G76: 0.068740904 | H76: 0.043293428 | I76: 0.88520551 | J76: 3.1364491 | K76: 1.0287414 | L76: =B76-2014 -> 3 | M76: =VLOOKUP(A76,Sheet2!$B$2:$E$186,2,FALSE) -> 13 | N76: Europe | O76: Western Europe | P76: 0 | Q76: 1 | R76: 0 | S76: 0 | T76: 0 | U76: 0 | V76: 0 | W76: 0 | X76: 0 | Y76: 0 | Z76: 0 | AA76: 1 | AB76: 0 | AC76: 0 | AD76: 0 | AE76: 0 | AF76: 0 | AG76: 0 | AH76: 0 | AI76: 0 | AJ76: 0 | AK76: 0 | AL76: 0 | AM76: 0 | AN76: 0
A77: Belgium | B77: 2018 | C77: 620434.25 | D77: 3586937.5 | E77: 4.8040953 | F77: 0.93539709 | G77: 0.068556681 | H77: 0.043620445 | I77: 0.84677267 | J77: 3.1427352 | K77: 1.0325385 | L77: =B77-2014 -> 4 | M77: =VLOOKUP(A77,Sheet2!$B$2:$E$186,2,FALSE) -> 13 | N77: Europe | O77: Western Europe | P77: 0 | Q77: 1 | R77: 0 | S77: 0 | T77: 0 | U77: 0 | V77: 0 | W77: 0 | X77: 0 | Y77: 0 | Z77: 0 | AA77: 1 | AB77: 0 | AC77: 0 | AD77: 0 | AE77: 0 | AF77: 0 | AG77: 0 | AH77: 0 | AI77: 0 | AJ77: 0 | AK77: 0 | AL77: 0 | AM77: 0 | AN77: 0
A78: Belgium | B78: 2019 | C78: 635590.75 | D78: 3670727.8 | E78: 4.8800359 | F78: 0.96132207 | G78: 0.069979563 | H78: 0.043989215 | I78: 0.89327626 | J78: 3.149034 | K78: 1.0230497 | L78: =B78-2014 -> 5 | M78: =VLOOKUP(A78,Sheet2!$B$2:$E$186,2,FALSE) -> 13 | N78: Europe | O78: Western Europe | P78: 0 | Q78: 1 | R78: 0 | S78: 0 | T78: 0 | U78: 0 | V78: 0 | W78: 0 | X78: 0 | Y78: 0 | Z78: 0 | AA78: 1 | AB78: 0 | AC78: 0 | AD78: 0 | AE78: 0 | AF78: 0 | AG78: 0 | AH78: 0 | AI78: 0 | AJ78: 0 | AK78: 0 | AL78: 0 | AM78: 0 | AN78: 0
A79: Belgium | B79: 2020 | C79: 605127.06 | D79: 3737975.8 | E79: 4.8747435 | F79: 0.98115808 | G79: 0.064156838 | H79: 0.044282574 | I79: 0.8755064 | J79: 3.1553454 | K79: 1.0084792 | L79: =B79-2014 -> 6 | M79: =VLOOKUP(A79,Sheet2!$B$2:$E$186,2,FALSE) -> 13 | N79: Europe | O79: Western Europe | P79: 0 | Q79: 1 | R79: 0 | S79: 0 | T79: 0 | U79: 0 | V79: 0 | W79: 0 | X79: 0 | Y79: 0 | Z79: 0 | AA79: 1 | AB79: 0 | AC79: 0 | AD79: 0 | AE79: 0 | AF79: 0 | AG79: 0 | AH79: 0 | AI79: 0 | AJ79: 0 | AK79: 0 | AL79: 0 | AM79: 0 | AN79: 0
... A91: Burkina Faso | B91: 2020 | C91: 47776.102 | D91: 92309.523 | E91: 7.2687287 | F91: 0.9307152 | G91: 0.27162382 | H91: 0.059205923 | I91: 575.586 | J91: 1.3003306 | K91: 1.0001727 | L91: =B91-2014 -> 6 | M91: =VLOOKUP(A91,Sheet2!$B$2:$E$186,2,FALSE) -> 15 | N91: Africa | O91: Western Africa | P91: 0 | Q91: 0 | R91: 0 | S91: 1 | T91: 0 | U91: 0 | V91: 0 | W91: 0 | X91: 0 | Y91: 0 | Z91: 0 | AA91: 0 | AB91: 0 | AC91: 1 | AD91: 0 | AE91: 0 | AF91: 0 | AG91: 0 | AH91: 0 | AI91: 0 | AJ91: 0 | AK91: 0 | AL91: 0 | AM91: 0 | AN91: 0
A92: Bangladesh | B92: 2015 | C92: 824431.75 | D92: 2627871.5 | E92: 59.69651 | H92: 0.041563347 | I92: 77.946908 | J92: 1.9970511 | L92: =B92-2014 -> 1 | M92: =VLOOKUP(A92,Sheet2!$B$2:$E$186,2,FALSE) -> 16 | N92: Asia | O92: Southern Asia | P92: 0 | Q92: 0 | R92: 1 | S92: 0 | T92: 0 | U92: 0 | V92: 0 | W92: 0 | X92: 0 | Y92: 0 | Z92: 0 | AA92: 0 | AB92: 0 | AC92: 0 | AD92: 1 | AE92: 0 | AF92: 0 | AG92: 0 | AH92: 0 | AI92: 0 | AJ92: 0 | AK92: 0 | AL92: 0 | AM92: 0 | AN92: 0
A93: Bangladesh | B93: 2016 | C93: 899169.12 | D93: 2907876.8 | E93: 59.5298 | H93: 0.041324269 | I93: 78.468092 | J93: 2.0227363 | L93: =B93-2014 -> 2 | M93: =VLOOKUP(A93,Sheet2!$B$2:$E$186,2,FALSE) -> 16 | N93: Asia | O93: Southern Asia | P93: 0 | Q93: 0 | R93: 1 | S93: 0 | T93: 0 | U93: 0 | V93: 0 | W93: 0 | X93: 0 | Y93: 0 | Z93: 0 | AA93: 0 | AB93: 0 | AC93: 0 | AD93: 1 | AE93: 0 | AF93: 0 | AG93: 0 | AH93: 0 | AI93: 0 | AJ93: 0 | AK93: 0 | AL93: 0 | AM93: 0 | AN93: 0
A94: Bangladesh | B94: 2017 | C94: 958426.69 | D94: 3209303.2 | E94: 63.045277 | H94: 0.041337609 | I94: 80.437542 | J94: 2.0487516 | L94: =B94-2014 -> 3 | M94: =VLOOKUP(A94,Sheet2!$B$2:$E$186,2,FALSE) -> 16 | N94: Asia | O94: Southern Asia | P94: 0 | Q94: 0 | R94: 1 | S94: 0 | T94: 0 | U94: 0 | V94: 0 | W94: 0 | X94: 0 | Y94: 0 | Z94: 0 | AA94: 0 | AB94: 0 | AC94: 0 | AD94: 1 | AE94: 0 | AF94: 0 | AG94: 0 | AH94: 0 | AI94: 0 | AJ94: 0 | AK94: 0 | AL94: 0 | AM94: 0 | AN94: 0
A95: Bangladesh | B95: 2018 | C95: 1028577.9 | D95: 3550131 | E95: 64.766289 | H95: 0.041294012 | I95: 83.466202 | J95: 2.0751016 | L95: =B95-2014 -> 4 | M95: =VLOOKUP(A95,Sheet2!$B$2:$E$186,2,FALSE) -> 16 | N95: Asia | O95: Southern Asia | P95: 0 | Q95: 0 | R95: 1 | S95: 0 | T95: 0 | U95: 0 | V95: 0 | W95: 0 | X95: 0 | Y95: 0 | Z95: 0 | AA95: 0 | AB95: 0 | AC95: 0 | AD95: 1 | AE95: 0 | AF95: 0 | AG95: 0 | AH95: 0 | AI95: 0 | AJ95: 0 | AK95: 0 | AL95: 0 | AM95: 0 | AN95: 0
A96: Bangladesh | B96: 2019 | C96: 1109649.4 | D96: 3911620.8 | E96: 66.71212 | H96: 0.041132402 | I96: 84.453523 | J96: 2.1017904 | L96: =B96-2014 -> 5 | M96: =VLOOKUP(A96,Sheet2!$B$2:$E$186,2,FALSE) -> 16 | N96: Asia | O96: Southern Asia | P96: 0 | Q96: 0 | R96: 1 | S96: 0 | T96: 0 | U96: 0 | V96: 0 | W96: 0 | X96: 0 | Y96: 0 | Z96: 0 | AA96: 0 | AB96: 0 | AC96: 0 | AD96: 1 | AE96: 0 | AF96: 0 | AG96: 0 | AH96: 0 | AI96: 0 | AJ96: 0 | AK96: 0 | AL96: 0 | AM96: 0 | AN96: 0
A97: Bangladesh | B97: 2020 | C97: 1147910.4 | D97: 4280055.5 | E97: 68.679405 | H97: 0.040746745 | I97: 84.871392 | J97: 2.1288228 | L97: =B97-2014 -> 6 | M97: =VLOOKUP(A97,Sheet2!$B$2:$E$186,2,FALSE) -> 16 | N97: Asia | O97: Southern Asia | P97: 0 | Q97: 0 | R97: 1 | S97: 0 | T97: 0 | U97: 0 | V97: 0 | W97: 0 | X97: 0 | Y97: 0 | Z97: 0 | AA97: 0 | AB97: 0 | AC97: 0 | AD97: 1 | AE97: 0 | AF97: 0 | AG97: 0 | AH97: 0 | AI97: 0 | AJ97: 0 | AK97: 0 | AL97: 0 | AM97: 0 | AN97: 0
A98: Bulgaria | B98: 2015 | C98: 155443.33 | D98: 421654.72 | E98: 3.2081189 | F98: 0.82952994 | G98: 0.17010598 | H98: 0.05654382 | I98: 1.7644 | J98: 3.1397488 | K98: 0.8980695 | L98: =B98-2014 -> 1 | M98: =VLOOKUP(A98,Sheet2!$B$2:$E$186,2,FALSE) -> 17 | N98: Europe | O98: Eastern Europe | P98: 0 | Q98: 1 | R98: 0 | S98: 0 | T98: 0 | U98: 0 | V98: 0 | W98: 0 | X98: 0 | Y98: 0 | Z98: 0 | AA98: 0 | AB98: 0 | AC98: 0 | AD98: 0 | AE98: 1 | AF98: 0 | AG98: 0 | AH98: 0 | AI98: 0 | AJ98: 0 | AK98: 0 | AL98: 0 | AM98: 0 | AN98: 0
A99: Bulgaria | B99: 2016 | C99: 160148.02 | D99: 435269.31 | E99: 3.1921868 | F99: 0.85388517 | G99: 0.17226884 | H99: 0.056084909 | I99: 1.7680417 | J99: 3.151252 | K99: 0.8926087 | L99: =B99-2014 -> 2 | M99: =VLOOKUP(A99,Sheet2!$B$2:$E$186,2,FALSE) -> 17 | N99: Europe | O99: Eastern Europe | P99: 0 | Q99: 1 | R99: 0 | S99: 0 | T99: 0 | U99: 0 | V99: 0 | W99: 0 | X99: 0 | Y99: 0 | Z99: 0 | AA99: 0 | AB99: 0 | AC99: 0 | AD99: 0 | AE99: 1 | AF99: 0 | AG99: 0 | AH99: 0 | AI99: 0 | AJ99: 0 | AK99: 0 | AL99: 0 | AM99: 0 | AN99: 0
A100: Bulgaria | B100: 2017 | C100: 164545.56 | D100: 449424.47 | E100: 3.3333929 | F100: 0.8818804 | G100: 0.17546992 | H100: 0.055696309 | I100: 1.7354583 | J100: 3.1627975 | K100: 0.88820869 | L100: =B100-2014 -> 3 | M100: =VLOOKUP(A100,Sheet2!$B$2:$E$186,2,FALSE) -> 17 | N100: Europe | O100: Eastern Europe | P100: 0 | Q100: 1 | R100: 0 | S100: 0 | T100: 0 | U100: 0 | V100: 0 | W100: 0 | X100: 0 | Y100: 0 | Z100: 0 | AA100: 0 | AB100: 0 | AC100: 0 | AD100: 0 | AE100: 1 | AF100: 0 | AG100: 0 | AH100: 0 | AI100: 0 | AJ100: 0 | AK100: 0 | AL100: 0 | AM100: 0 | AN100: 0
A101: Bulgaria | B101: 2018 | C101: 168740.58 | D101: 464756.31 | E101: 3.3359437 | F101: 0.91327101 | G101: 0.17376438 | H101: 0.055647779 | I101: 1.6570417 | J101: 3.1743851 | K101: 0.91551363 | L101: =B101-2014 -> 4 | M101: =VLOOKUP(A101,Sheet2!$B$2:$E$186,2,FALSE) -> 17 | N101: Europe | O101: Eastern Europe | P101: 0 | Q101: 1 | R101: 0 | S101: 0 | T101: 0 | U101: 0 | V101: 0 | W101: 0 | X101: 0 | Y101: 0 | Z101: 0 | AA101: 0 | AB101: 0 | AC101: 0 | AD101: 0 | AE101: 1 | AF101: 0 | AG101: 0 | AH101: 0 | AI101: 0 | AJ101: 0 | AK101: 0 | AL101: 0 | AM101: 0 | AN101: 0
A102: Bulgaria | B102: 2019 | C102: 175133.91 | D102: 481117.12 | E102: 3.420948 | F102: 0.94725513 | G102: 0.17740189 | H102: 0.055807002 | I102: 1.7470417 | J102: 3.1860151 | K102: 0.92665482 | L102: =B102-2014 -> 5 | M102: =VLOOKUP(A102,Sheet2!$B$2:$E$186,2,FALSE) -> 17 | N102: Europe | O102: Eastern Europe | P102: 0 | Q102: 1 | R102: 0 | S102: 0 | T102: 0 | U102: 0 | V102: 0 | W102: 0 | X102: 0 | Y102: 0 | Z102: 0 | AA102: 0 | AB102: 0 | AC102: 0 | AD102: 0 | AE102: 1 | AF102: 0 | AG102: 0 | AH102: 0 | AI102: 0 | AJ102: 0 | AK102: 0 | AL102: 0 | AM102: 0 | AN102: 0
A103: Bulgaria | B103: 2020 | C103: 169502.06 | D103: 496809.28 | E103: 3.3032 | F103: 0.97821879 | G103: 0.16779308 | H103: 0.055838499 | I103: 1.7163333 | J103: 3.1976879 | K103: 0.94278538 | L103: =B103-2014 -> 6 | M103: =VLOOKUP(A103,Sheet2!$B$2:$E$186,2,FALSE) -> 17 | N103: Europe | O103: Eastern Europe | P103: 0 | Q103: 1 | R103: 0 | S103: 0 | T103: 0 | U103: 0 | V103: 0 | W103: 0 | X103: 0 | Y103: 0 | Z103: 0 | AA103: 0 | AB103: 0 | AC103: 0 | AD103: 0 | AE103: 1 | AF103: 0 | AG103: 0 | AH103: 0 | AI103: 0 | AJ103: 0 | AK103: 0 | AL103: 0 | AM103: 0 | AN103: 0
A104: Bahrain | B104: 2015 | C104: 75758.914 | D104: 337146 | E104: 0.73163384 | F104: 0.72268552 | G104: 0.1497584 | H104: 0.034027144 | I104: 0.376 | J104: 2.4823453 | K104: 1.5734946 | L104: =B104-2014 -> 1 | M104: =VLOOKUP(A104,Sheet2!$B$2:$E$186,2,FALSE) -> 18 | N104: Asia | O104: Western Asia | P104: 0 | Q104: 0 | R104: 1 | S104: 0 | T104: 0 | U104: 0 | V104: 0 | W104: 0 | X104: 1 | Y104: 0 | Z104: 0 | AA104: 0 | AB104: 0 | AC104: 0 | AD104: 0 | AE104: 0 | AF104: 0 | AG104: 0 | AH104: 0 | AI104: 0 | AJ104: 0 | AK104: 0 | AL104: 0 | AM104: 0 | AN104: 0
A105: Bahrain | B105: 2016 | C105: 78454.781 | D105: 356190.03 | E105: 0.8002007 | F105: 0.76276827 | G105: 0.15083246 | H105: 0.033491973 | I105: 0.376 | J105: 2.5283229 | K105: 1.528536 | L105: =B105-2014 -> 2 | M105: =VLOOKUP(A105,Sheet2!$B$2:$E$186,2,FALSE) -> 18 | N105: Asia | O105: Western Asia | P105: 0 | Q105: 0 | R105: 1 | S105: 0 | T105: 0 | U105: 0 | V105: 0 | W105: 0 | X105: 1 | Y105: 0 | Z105: 0 | AA105: 0 | AB105: 0 | AC105: 0 | AD105: 0 | AE105: 0 | AF105: 0 | AG105: 0 | AH105: 0 | AI105: 0 | AJ105: 0 | AK105: 0 | AL105: 0 | AM105: 0 | AN105: 0
A106: Bahrain | B106: 2017 | C106: 81821.492 | D106: 377966.25 | E106: 0.81073743 | F106: 0.81266415 | G106: 0.14457618 | H106: 0.03346416 | I106: 0.376 | J106: 2.5783224 | K106: 1.5541811 | L106: =B106-2014 -> 3 | M106: =VLOOKUP(A106,Sheet2!$B$2:$E$186,2,FALSE) -> 18 | N106: Asia | O106: Western Asia | P106: 0 | Q106: 0 | R106: 1 | S106: 0 | T106: 0 | U106: 0 | V106: 0 | W106: 0 | X106: 1 | Y106: 0 | Z106: 0 | AA106: 0 | AB106: 0 | AC106: 0 | AD106: 0 | AE106: 0 | AF106: 0 | AG106: 0 | AH106: 0 | AI106: 0 | AJ106: 0 | AK106: 0 | AL106: 0 | AM106: 0 | AN106: 0
A107: Bahrain | B107: 2018 | C107: 83548.344 | D107: 401999.66 | E107: 0.79955077 | F107: 0.86902052 | G107: 0.14528979 | H107: 0.033978101 | I107: 0.376 | J107: 2.7167513 | K107: 1.5225282 | L107: =B107-2014 -> 4 | M107: =VLOOKUP(A107,Sheet2!$B$2:$E$186,2,FALSE) -> 18 | N107: Asia | O107: Western Asia | P107: 0 | Q107: 0 | R107: 1 | S107: 0 | T107: 0 | U107: 0 | V107: 0 | W107: 0 | X107: 1 | Y107: 0 | Z107: 0 | AA107: 0 | AB107: 0 | AC107: 0 | AD107: 0 | AE107: 0 | AF107: 0 | AG107: 0 | AH107: 0 | AI107: 0 | AJ107: 0 | AK107: 0 | AL107: 0 | AM107: 0 | AN107: 0
A108: Bahrain | B108: 2019 | C108: 85359.039 | D108: 424120.66 | E108: 0.76371574 | F108: 0.91850775 | G108: 0.14397053 | H108: 0.034354456 | I108: 0.376 | J108: 2.7560661 | K108: 1.443898 | L108: =B108-2014 -> 5 | M108: =VLOOKUP(A108,Sheet2!$B$2:$E$186,2,FALSE) -> 18 | N108: Asia | O108: Western Asia | P108: 0 | Q108: 0 | R108: 1 | S108: 0 | T108: 0 | U108: 0 | V108: 0 | W108: 0 | X108: 1 | Y108: 0 | Z108: 0 | AA108: 0 | AB108: 0 | AC108: 0 | AD108: 0 | AE108: 0 | AF108: 0 | AG108: 0 | AH108: 0 | AI108: 0 | AJ108: 0 | AK108: 0 | AL108: 0 | AM108: 0 | AN108: 0
A109: Bahrain | B109: 2020 | C109: 81244.867 | D109: 444227.94 | E109: 0.71938002 | F109: 0.96351188 | G109: 0.12543716 | H109: 0.034467041 | I109: 0.376 | J109: 2.7959497 | K109: 1.3699667 | L109: =B109-2014 -> 6 | M109: =VLOOKUP(A109,Sheet2!$B$2:$E$186,2,FALSE) -> 18 | N109: Asia | O109: Western Asia | P109: 0 | Q109: 0 | R109: 1 | S109: 0 | T109: 0 | U109: 0 | V109: 0 | W109: 0 | X109: 1 | Y109: 0 | Z109: 0 | AA109: 0 | AB109: 0 | AC109: 0 | AD109: 0 | AE109: 0 | AF109: 0 | AG109: 0 | AH109: 0 | AI109: 0 | AJ109: 0 | AK109: 0 | AL109: 0 | AM109: 0 | AN109: 0
A110: Bahamas | B110: 2015 | C110: 11496.54 | D110: 66635.992 | E110: 0.18828963 | F110: 0.86640191 | G110: 0.14933114 | H110: 0.045012064 | I110: 1 | L110: =B110-2014 -> 1 | M110: =VLOOKUP(A110,Sheet2!$B$2:$E$186,2,FALSE) -> 19 | N110: Americas | O110: Caribbean | P110: 1 | Q110: 0 | R110: 0 | S110: 0 | T110: 0 | U110: 1 | V110: 0 | W110: 0 | X110: 0 | Y110: 0 | Z110: 0 | AA110: 0 | AB110: 0 | AC110: 0 | AD110: 0 | AE110: 0 | AF110: 0 | AG110: 0 | AH110: 0 | AI110: 0 | AJ110: 0 | AK110: 0 | AL110: 0 | AM110: 0 | AN110: 0
A111: Bahamas | B111: 2016 | C111: 11385.948 | D111: 68936.547 | E111: 0.18972006 | F111: 0.89222813 | G111: 0.14534205 | H111: 0.044067111 | I111: 1 | L111: =B111-2014 -> 2 | M111: =VLOOKUP(A111,Sheet2!$B$2:$E$186,2,FALSE) -> 19 | N111: Americas | O111: Caribbean | P111: 1 | Q111: 0 | R111: 0 | S111: 0 | T111: 0 | U111: 1 | V111: 0 | W111: 0 | X111: 0 | Y111: 0 | Z111: 0 | AA111: 0 | AB111: 0 | AC111: 0 | AD111: 0 | AE111: 0 | AF111: 0 | AG111: 0 | AH111: 0 | AI111: 0 | AJ111: 0 | AK111: 0 | AL111: 0 | AM111: 0 | AN111: 0
...

Sheet Sheet2
B1: Pais | D1: continent | E1: subregion
B2: Aruba | C2: 1 | D2: Americas | E2: Caribbean
B3: Angola | C3: 2 | D3: Africa | E3: Middle Africa | I3: subregion
B4: Anguilla | C4: 3 | D4: Americas | E4: Caribbean | I4: Caribbean
B5: Albania | C5: 4 | D5: Europe | E5: Southern Europe | I5: Middle Africa
B6: United Arab Emirates | C6: 5 | D6: Asia | E6: Western Asia | I6: Southern Europe
B7: Argentina | C7: 6 | D7: Americas | E7: South America | I7: Western Asia
B8: Armenia | C8: 7 | D8: Asia | E8: Western Asia | I8: South America
B9: Antigua and Barbuda | C9: 8 | D9: Americas | E9: Caribbean | I9: Australia and New Zealand
B10: Australia | C10: 9 | D10: Oceania | E10: Australia and New Zealand | I10: Western Europe
B11: Austria | C11: 10 | D11: Europe | E11: Western Europe | I11: Eastern Africa
B12: Azerbaijan | C12: 11 | D12: Asia | E12: Western Asia | I12: Western Africa
B13: Burundi | C13: 12 | D13: Africa | E13: Eastern Africa | I13: Southern Asia
B14: Belgium | C14: 13 | D14: Europe | E14: Western Europe | I14: Eastern Europe
... B23: Belize | C23: 22 | D23: Americas | E23: Central America | I23: Central Asia
B24: Bermuda | C24: 23 | D24: Americas | E24: Northern America
B25: Bolivia (Plurinational State of) | C25: 24 | D25: Americas | E25: South America
B26: Brazil | C26: 25 | D26: Americas | E26: South America
B27: Barbados | C27: 26 | D27: Americas | E27: Caribbean
B28: Brunei Darussalam | C28: 27 | D28: Asia | E28: South-eastern Asia
B29: Bhutan | C29: 28 | D29: Asia | E29: Southern Asia
B30: Botswana | C30: 29 | D30: Africa | E30: Southern Africa
B31: Central African Republic | C31: 30 | D31: Africa | E31: Middle Africa
B32: Canada | C32: 31 | D32: Americas | E32: Northern America
B33: Switzerland | C33: 32 | D33: Europe | E33: Western Europe
B34: Chile | C34: 33 | D34: Americas | E34: South America
B35: China | C35: 34 | D35: Asia | E35: Eastern Asia
... B186: Zimbabwe | C186: 185 | D186: Africa | E186: Eastern Africa

Sheet Sheet1
A1: country | B1: year | C1: pop | D1: avh | E1: currency_unit | G1: ccon | H1: cda | I1: cgdpe | J1: cgdpo | K1: cn | L1: ck | M1: ctfp | N1: cwtfp | O1: rconna | P1: rdana | Q1: rtfpna | R1: labsh | S1: pl_con | T1: pl_da | U1: pl_gdpo | W1: i_cig | X1: i_xm | Y1: i_xr | Z1: i_outlier | AA1: i_irr | AC1: cor_exp | AD1: csh_c | AE1: csh_i | AF1: csh_g | AG1: csh_x | AH1: csh_m | AI1: csh_r | AJ1: pl_c | AK1: pl_i | AL1: pl_g | AM1: pl_x | AN1: pl_m | AO1: pl_n | AP1: pl_k
A2: Aruba | B2: 2015 | C2: 0.104184 | E2: Aruban Guilder | G2: 3350.3652 | H2: 4413.416 | I2: 4407.7729 | J2: 4417.959 | K2: 24339.127 | L2: 0.00027220347 | O2: 3542.0283 | P2: 4549.6416 | R2: 0.64510614 | S2: 0.6950047 | T2: 0.67219996 | U2: 0.67065018 | W2: ICP PPP timeseries: benchmark or interpolated | X2: Benchmark | Y2: Market-based | Z2: Regular | AA2: Regular | AC2: 0.64919718 | AD2: 0.5058338 | AE2: 0.24062037 | AF2: 0.25251755 | AG2: 0.9143573 | AH2: -0.9133271 | AI2: -1.8855117e-06 | AJ2: 0.7336269 | AK2: 0.60032756 | AL2: 0.61763817 | AM2: 0.53435189 | AN2: 0.53589332 | AO2: 0.51738656 | AP2: 0.51611269
A3: Aruba | B3: 2016 | C3: 0.104977 | E3: Aruban Guilder | G3: 3334.7012 | H3: 4295.2319 | I3: 4356.2686 | J3: 3770.416 | K3: 21043.992 | L3: 0.00023493066 | O3: 3525.9619 | P3: 4540.4155 | R3: 0.64510614 | S3: 0.69809848 | T3: 0.6849066 | U3: 0.79132831 | W3: ICP PPP timeseries: benchmark or interpolated | X3: Benchmark | Y3: Market-based | Z3: Regular | AA3: Regular | AC3: 0.6619148 | AD3: 0.58660871 | AE3: 0.25475457 | AF3: 0.29782978 | AG3: 1.0374159 | AH3: -1.1766089 | AI3: 1.5241377e-16 | AJ3: 0.73568942 | AK3: 0.63910783 | AL3: 0.62405894 | AM3: 0.5478375 | AN3: 0.47360492 | AO3: 0.57589978 | AP3: 0.58340216
A4: Aruba | B4: 2017 | C4: 0.105731 | E4: Aruban Guilder | G4: 3402.7212 | H4: 4367.5635 | I4: 4424.7812 | J4: 3404.4082 | K4: 18997.287 | L4: 0.00021144211 | O4: 3615.126 | P4: 4677.4575 | R4: 0.64510614 | S4: 0.71028763 | T4: 0.69888884 | U4: 0.9083606 | W4: Benchmark | X4: Benchmark | Y4: Market-based | Z4: Regular | AA4: Regular | AC4: 0.68035332 | AD4: 0.66956091 | AE4: 0.28340974 | AF4: 0.32994354 | AG4: 1.1084222 | AH4: -1.3913364 | AI4: 0 | AJ4: 0.74797729 | AK4: 0.65868858 | AL4: 0.63380319 | AM4: 0.59454268 | AN4: 0.46520603 | AO4: 0.63878196 | AP4: 0.64759034
A5: Aruba | B5: 2018 | C5: 0.106432 | E5: Aruban Guilder | G5: 3532.084 | H5: 4606.3501 | I5: 4573.9668 | J5: 4011.4839 | K5: 21126.402 | L5: 0.00022944516 | O5: 3577.8867 | P5: 4657.479 | R5: 0.64510614 | S5: 0.72632986 | T5: 0.7162677 | U5: 0.81670135 | W5: ICP PPP timeseries: benchmark or interpolated | X5: Benchmark | Y5: Market-based | Z5: Regular | AA5: Regular | AC5: 0.6717021 | AD5: 0.5748865 | AE5: 0.26779774 | AF5: 0.30560663 | AG5: 0.98418564 | AH5: -1.1324766 | AI5: -1.3880396e-16 | AJ5: 0.78468898 | AK5: 0.68318423 | AL5: 0.61654861 | AM5: 0.59957123 | AN5: 0.52616692 | AO5: 0.66503203 | AP5: 0.59917498
A6: Aruba | B6: 2019 | C6: 0.107076 | E6: Aruban Guilder | G6: 3446.5369 | H6: 4420.9092 | I6: 4471.2378 | J6: 3765.762 | K6: 20307.863 | L6: 0.00021540899 | O6: 3512.5037 | P6: 4607.1699 | R6: 0.64510614 | S6: 0.75310636 | T6: 0.75947618 | U6: 0.90175605 | W6: ICP PPP timeseries: benchmark or interpolated | X6: Extrapolated | Y6: Market-based | Z6: Regular | AA6: Regular | AC6: 0.1283387 | AD6: 0.6002509 | AE6: 0.2587451 | AF6: 0.31497875 | AG6: 1.0512038 | AH6: -1.2251786 | AI6: 1.339147e-16 | AJ6: 0.81029986 | AK6: 0.78200743 | AL6: 0.64411352 | AM6: 0.62822962 | AN6: 0.53073663 | AO6: 0.71802425 | AP6: 0.63634551
A7: Aruba | B7: 2020 | C7: 0.1074 | E7: Aruban Guilder | G7: 3182.5955 | H7: 4013.0608 | I7: 3396.522 | J7: 2899.124 | K7: 21618.939 | L7: 0.00022218531 | O7: 3090.1267 | P7: 3958.8789 | R7: 0.64510614 | S7: 0.73282403 | T7: 0.73070544 | U7: 0.85607135 | W7: ICP PPP timeseries: benchmark or interpolated | X7: Extrapolated | Y7: Market-based | Z7: Regular | AA7: Regular | AC7: 0.67309077 | AD7: 0.70879477 | AE7: 0.28645384 | AF7: 0.38898352 | AG7: 0.80953091 | AH7: -1.193763 | AI7: -2.2509752e-10 | AJ7: 0.7901543 | AK7: 0.72258635 | AL7: 0.62835847 | AM7: 0.56039184 | AN7: 0.51019263 | AO7: 0.71344411 | AP7: 0.47074407
A8: Angola | B8: 2015 | C8: 28.157798 | D8: 2100.36 | E8: Kwanza | G8: 161999.94 | H8: 237960.67 | I8: 230182.08 | J8: 239876.62 | K8: 1308671.8 | L8: 0.021371288 | M8: 0.37530184 | N8: 0.35917857 | O8: 155849.17 | P8: 208783.45 | Q8: 1.2182209 | R8: 0.3500483 | S8: 0.49616739 | T8: 0.50479013 | U8: 0.48438925 | W8: ICP PPP timeseries: benchmark or interpolated | X8: Benchmark | Y8: Market-based | Z8: Regular | AA8: Regular | AC8: 0.31993571 | AD8: 0.45709863 | AE8: 0.31666586 | AF8: 0.21824826 | AG8: 0.30944487 | AH8: -0.16115534 | AI8: -0.1403023 | AJ8: 0.55893024 | AK8: 0.52317973 | AL8: 0.36471707 | AM8: 0.45703328 | AN8: 0.55744195 | AO8: 0.30037403 | AP8: 0.47212261
A9: Angola | B9: 2016 | C9: 29.18307 | D9: 2100.35 | E9: Kwanza | G9: 157984 | H9: 213912.77 | I9: 220253.44 | J9: 225767.05 | K9: 1275201.9 | L9: 0.019563366 | M9: 0.36074704 | N9: 0.33046126 | O9: 159093.11 | P9: 198197.3 | Q9: 1.156446 | R9: 0.34245735 | S9: 0.44746372 | T9: 0.45912483 | U9: 0.44791228 | W9: ICP PPP timeseries: benchmark or interpolated | X9: Benchmark | Y9: Market-based | Z9: Regular | AA9: Regular | AC9: 0.2450921 | AD9: 0.49399149 | AE9: 0.24772777 | AF9: 0.20577402 | AG9: 0.2771318 | AH9: -0.11783896 | AI9: -0.10678615 | AJ9: 0.50799743 | AK9: 0.49206441 | AL9: 0.30214346 | AM9: 0.44843766 | AN9: 0.53930348 | AO9: 0.27747127 | AP9: 0.43994373
A10: Angola | B10: 2017 | C10: 30.234839 | D10: 2101.5 | E10: Kwanza | G10: 163518.38 | H10: 215643.44 | I10: 228802.75 | J10: 238324.33 | K10: 1534771.1 | L10: 0.022330774 | M10: 0.34203872 | N10: 0.298042 | O10: 162898.44 | P10: 188904.44 | Q10: 1.1367621 | R10: 0.34664506 | S10: 0.52367938 | T10: 0.53375173 | U10: 0.51242715 | W10: Benchmark | X10: Benchmark | Y10: Market-based | Z10: Regular | AA10: Regular | AC10: 0.20745099 | AD10: 0.46618998 | AE10: 0.21871483 | AF10: 0.219927 | AG10: 0.31370807 | AH10: -0.11685 | AI10: -0.10168993 | AJ10: 0.6285391 | AK10: 0.56534909 | AL10: 0.30140303 | AM10: 0.46686584 | AN10: 0.55523568 | AO10: 0.31530276 | AP10: 0.44579929
A11: Angola | B11: 2018 | C11: 31.297155 | D11: 2102.45 | E11: Kwanza | G11: 163980.22 | H11: 205352.83 | I11: 242431.7 | J11: 239628.8 | K11: 1268128.6 | L11: 0.018187204 | M11: 0.37376025 | N11: 0.30831915 | O11: 157809.2 | P11: 181925.8 | Q11: 1.105635 | R11: 0.33080524 | S11: 0.41310132 | T11: 0.41806915 | U11: 0.42295924 | W11: ICP PPP timeseries: benchmark or interpolated | X11: Benchmark | Y11: Market-based | Z11: Regular | AA11: Regular | AC11: 0.19317024 | AD11: 0.4971087 | AE11: 0.1726529 | AF11: 0.18720064 | AG11: 0.36783883 | AH11: -0.12062361 | AI11: -0.10417745 | AJ11: 0.47954507 | AK11: 0.43775904 | AL11: 0.23666081 | AM11: 0.47758624 | AN11: 0.55480158 | AO11: 0.25130495 | AP11: 0.44095045
A12: Angola | B12: 2019 | C12: 32.375632 | D12: 2103.92 | E12: Kwanza | G12: 152289.09 | H12: 194875.98 | I12: 255581.67 | J12: 236096.61 | K12: 1174152.9 | L12: 0.016360888 | M12: 0.37838009 | N12: 0.30053663 | O12: 155285.17 | P12: 179277.89 | Q12: 1.0791695 | R12: 0.32351938 | S12: 0.31955495 | T12: 0.32528445 | U12: 0.35213017 | W12: ICP PPP timeseries: benchmark or interpolated | X12: Extrapolated | Y12: Market-based | Z12: Regular | AA12: Regular | AC12: 0.18332453 | AD12: 0.47559974 | AE12: 0.18037909 | AF12: 0.16942897 | AG12: 0.36934426 | AH12: -0.12293855 | AI12: -0.071813546 | AJ12: 0.36972886 | AK12: 0.34577286 | AL12: 0.17871306 | AM12: 0.39554712 | AN12: 0.30232567 | AO12: 0.20433864 | AP12: 0.39098293
A13: Angola | B13: 2020 | C13: 33.451132 | D13: 2015.3 | E13: Kwanza | G13: 145932.12 | H13: 173215.09 | I13: 218663.3 | J13: 211528.89 | K13: 833200.75 | L13: 0.010847358 | M13: 0.43028635 | N13: 0.33801594 | O13: 144771.42 | P13: 167580.47 | Q13: 1.0198766 | R13: 0.28762925 | S13: 0.24788359 | T13: 0.25071004 | U13: 0.25916594 | W13: ICP PPP timeseries: benchmark or interpolated | X13: Extrapolated | Y13: Market-based | Z13: Regular | AA13: Regular | AC13: 0.17283576 | AD13: 0.55068535 | AE13: 0.12897989 | AF13: 0.13920681 | AG13: 0.35767752 | AH13: -0.1037761 | AI13: -0.072773494 | AJ13: 0.27641341 | AK13: 0.26582813 | AL13: 0.13502305 | AM13: 0.28146714 | AN13: 0.2693063 | AO13: 0.15926923 | AP13: 0.42751825
A14: Anguilla | B14: 2015 | C14: 0.01421 | E14: East Caribbean Dollar | G14: 392.36557 | H14: 500.5798 | I14: 414.86539 | J14: 227.59645 | K14: 3065.7214 | O14: 456.61096 | P14: 601.29419 | S14: 0.80375582 | T14: 0.79625446 | U14: 1.4514214 | W14: ICP PPP timeseries: benchmark or interpolated | X14: Benchmark | Y14: Market-based | Z14: Regular | AC14: 0.44860432 | AD14: 1.3186805 | AE14: 0.47546542 | AF14: 0.40527239 | AG14: 1.5594705 | AH14: -2.758889 | AI14: 1.1211846e-09 | AJ14: 0.86597404 | AK14: 0.76905571 | AL14: 0.60130942 | AM14: 0.58497888 | AN14: 0.43935531 | AO14: 0.55039811
A15: Anguilla | B15: 2016 | C15: 0.01432 | E15: East Caribbean Dollar | G15: 380.8024 | H15: 461.85297 | I15: 383.42172 | J15: 200.67546 | K15: 2877.0647 | O15: 455.62903 | P15: 573.87457 | S15: 0.83327621 | T15: 0.83053899 | U15: 1.5868741 | W15: ICP PPP timeseries: benchmark or interpolated | X15: Benchmark | Y15: Market-based | Z15: Regular | AC15: 0.37319304 | AD15: 1.462484 | AE15: 0.40388876 | AF15: 0.43511918 | AG15: 1.7653941 | AH15: -3.0668862 | AI15: 1.1630532e-09 | AJ15: 0.90537611 | AK15: 0.81767883 | AL15: 0.59094035 | AM15: 0.58442885 | AN15: 0.44225705 | AO15: 0.59873456
A16: Anguilla | B16: 2017 | C16: 0.014425 | E16: East Caribbean Dollar | G16: 245.86432 | H16: 318.96652 | I16: 313.38196 | J16: 160.17664 | K16: 2415.4243 | O16: 345.203 | P16: 457.96802 | S16: 0.90671647 | T16: 0.88992202 | U16: 1.7411126 | W16: Benchmark | X16: Benchmark | Y16: Market-based | Z16: Regular | AC16: 0.31072691 | AD16: 0.95849222 | AE16: 0.45638493 | AF16: 0.57646519 | AG16: 2.9187441 | AH16: -3.9100847 | AI16: -1.7198081e-06 | AJ16: 1.1031093 | AK16: 0.83343743 | AL16: 0.58017286 | AM16: 0.60159707 | AN16: 0.45700595 | AO16: 0.66950333
A17: Anguilla | B17: 2018 | C17: 0.014721 | E17: East Caribbean Dollar | G17: 452.10547 | H17: 637.8432 | I17: 405.2319 | J17: 150.71683 | K17: 2865.6726 | O17: 521.01086 | P17: 764.86292 | S17: 0.78753871 | T17: 0.78650969 | U17: 2.114687 | W17: ICP PPP timeseries: benchmark or interpolated | X17: Benchmark | Y17: Market-based | Z17: Regular | AC17: 0.34502 | AD17: 2.4429872 | AE17: 1.2323622 | AF17: 0.556714 | AG17: 2.4073122 | AH17: -5.6393719 | AI17: -3.6047088e-06 | AJ17: 0.84096815 | AK17: 0.78400488 | AL17: 0.55307831 | AM17: 0.6027261 | AN17: 0.47253752 | AO17: 0.63176727
A18: Anguilla | B18: 2019 | C18: 0.014823 | E18: East Caribbean Dollar | G18: 543.94049 | H18: 642.95502 | I18: 499.90405 | J18: 327.97083 | K18: 3364.373 | O18: 542.43842 | P18: 666.1535 | S18: 0.76159406 | T18: 0.75942987 | U18: 1.1575482 | W18: ICP PPP timeseries: benchmark or interpolated | X18: Extrapolated | Y18: Market-based | Z18: Regular | AC18: 0.44176354 | AD18: 1.2891868 | AE18: 0.30190033 | AF18: 0.36931577 | AG18: 1.2374808 | AH18: -2.1978869 | AI18: 3.244772e-06 | AJ18: 0.83310446 | AK18: 0.74754089 | AL18: 0.51196967 | AM18: 0.66567582 | AN18: 0.52550703 | AO18: 0.60704732
A19: Anguilla | B19: 2020 | C19: 0.014843 | E19: East Caribbean Dollar | G19: 344.61343 | H19: 444.17673 | I19: 353.12875 | J19: 238.60196 | K19: 3547.9626 | O19: 349.57336 | P19: 461.93973 | S19: 0.75221032 | T19: 0.74017113 | U19: 1.0954467 | W19: ICP PPP timeseries: benchmark or interpolated | X19: Extrapolated | Y19: Market-based | Z19: Regular | AC19: 0.48768789 | AD19: 1.0749888 | AE19: 0.41727781 | AF19: 0.36931369 | AG19: 1.2450864 | AH19: -2.1066666 | AI19: -4.1659911e-07 | AJ19: 0.84127575 | AK19: 0.69850043 | AL19: 0.49296105 | AM19: 0.6484195 | AN19: 0.51730037 | AO19: 0.56363702
A20: Albania | B20: 2015 | C20: 2.898632 | D20: 1969.74 | E20: Lek | G20: 32709.959 | H20: 40862.242 | I20: 34739.609 | J20: 36354.469 | K20: 203614.44 | L20: 0.0012815284 | M20: 0.57081419 | N20: 0.61897278 | O20: 32933.82 | P20: 41406.02 | Q20: 1.0457238 | R20: 0.86971474 | S20: 0.3195897 | T20: 0.32777792 | U20: 0.31321809 | W20: ICP PPP timeseries: benchmark or interpolated | X20: Benchmark | Y20: Market-based | Z20: Regular | AA20: Lower bound | AC20: 0.45387917 | AD20: 0.70382553 | AE20: 0.22424428 | AF20: 0.19592518 | AG20: 0.099904358 | AH20: -0.2575959 | AI20: 0.033696614 | AJ20: 0.35910964 | AK20: 0.36063202 | AL20: 0.17762152 | AM20: 0.53129762 | AN20: 0.46132717 | AO20: 0.23074751 | AP20: 0.15466557
A21: Albania | B21: 2016 | C21: 2.897867 | D21: 2059.25 | E21: Lek | G21: 32833.238 | H21: 41061.492 | I21: 34959.555 | J21: 36543.039 | K21: 211923.69 | L21: 0.0010088336 | M21: 0.56600618 | N21: 0.61488384 | O21: 33736.645 | P21: 42222.41 | Q21: 0.98269004 | R21: 0.90033895 | S21: 0.33318812 | T21: 0.33928373 | U21: 0.32458186 | W21: ICP PPP timeseries: benchmark or interpolated | X21: Benchmark | Y21: Market-based | Z21: Regular | AA21: Lower bound | AC21: 0.45353509 | AD21: 0.6972276 | AE21: 0.22516616 | AF21: 0.20125368 | AG21: 0.10202117 | AH21: -0.2793633 | AI21: 0.053694688 | AJ21: 0.3769002 | AK21: 0.3636071 | AL21: 0.18175103 | AM21: 0.52629596 | AN21: 0.45737964 | AO21: 0.23201761 | AP21: 0.15166946
A22: Albania | B22: 2017 | C22: 2.898242 | D22: 2081.27 | E22: Lek | G22: 34106.039 | H22: 42635.418 | I22: 36704.574 | J22: 37818.008 | K22: 211866.8 | L22: 0.00089439179 | M22: 0.57515758 | N22: 0.62444317 | O22: 34588.988 | P22: 43455.824 | Q22: 0.97283769 | R22: 0.91199517 | S22: 0.34778997 | T22: 0.35471687 | U22: 0.34427333 | W22: Benchmark | X22: Benchmark | Y22: Market-based | Z22: Regular | AA22: Lower bound | AC22: 0.44051428 | AD22: 0.69735813 | AE22: 0.22553749 | AF22: 0.20448843 | AG22: 0.10846572 | AH22: -0.30411464 | AI22: 0.068264835 | AJ22: 0.39300821 | AK22: 0.3824151 | AL22: 0.19358413 | AM22: 0.56103486 | AN22: 0.46029887 | AO22: 0.25104415 | AP22: 0.15983585
A23: Albania | B23: 2018 | C23: 2.894231 | D23: 2113.76 | E23: Lek | G23: 34678.332 | H23: 43431.191 | I23: 37996.098 | J23: 38011.473 | K23: 220434.62 | L23: 0.0018301244 | M23: 0.45809701 | N23: 0.50383759 | O23: 35592.652 | P23: 44502.418 | Q23: 0.96068352 | R23: 0.7012924 | S23: 0.39507458 | T23: 0.39889431 | U23: 0.39873299 | W23: ICP PPP timeseries: benchmark or interpolated | X23: Benchmark | Y23: Market-based | Z23: Regular | AA23: Outlier | AC23: 0.4637083 | AD23: 0.70883352 | AE23: 0.23026893 | AF23: 0.20347869 | AG23: 0.12954876 | AH23: -0.331339 | AI23: 0.059209157 | AJ23: 0.44499592 | AK23: 0.41402787 | AL23: 0.22116986 | AM23: 0.58400929 | AN23: 0.47172976 | AO23: 0.27439487 | AP23: 0.29250157
A24: Albania | B24: 2019 | C24: 2.88501 | D24: 2142.84 | E24: Lek | G24: 37379.434 | H24: 46194.793 | I24: 40394.258 | J24: 40734.844 | K24: 231582.16 | L24: 0.0018546589 | M24: 0.46636927 | N24: 0.50892901 | O24: 36751.117 | P24: 45582.984 | Q24: 0.94389987 | R24: 0.70630348 | S24: 0.376387 | T24: 0.3812874 | U24: 0.37809944 | W24: ICP PPP timeseries: benchmark or interpolated | X24: Extrapolated | Y24: Market-based | Z24: Regular | AA24: Outlier | AC24: 0.46545727 | AD24: 0.71331429 | AE24: 0.21640836 | AF24: 0.20431378 | AG24: 0.12574998 | AH24: -0.31778541 | AI24: 0.057998966 | AJ24: 0.42404923 | AK24: 0.40206646 | AL24: 0.20998531 | AM24: 0.56568009 | AN24: 0.46370283 | AO24: 0.26456523 | AP24: 0.27741072
A25: Albania | B25: 2020 | C25: 2.871954 | D25: 2042.15 | E25: Lek | G25: 36072.754 | H25: 44582.551 | I25: 38612.836 | J25: 39250.395 | K25: 235767.41 | L25: 0.0017614752 | M25: 0.47289622 | N25: 0.51528835 | O25: 35721.066 | P25: 44284.477 | Q25: 0.96712697 | R25: 0.70489013 | S25: 0.38879296 | T25: 0.39268637 | U25: 0.38630781 | W25: ICP PPP timeseries: benchmark or interpolated | X25: Extrapolated | Y25: Market-based | Z25: Regular | AA25: Regular | AC25: 0.49842746 | AD25: 0.71112096 | AE25: 0.21680793 | AF25: 0.20792082 | AG25: 0.093571797 | AH25: -0.2607618 | AI25: 0.03134029 | AJ25: 0.43810445 | AK25: 0.40919026 | AL25: 0.2201401 | AM25: 0.56217903 | AN25: 0.4772017 | AO25: 0.27013701 | AP25: 0.30165437
A26: United Arab Emirates | B26: 2015 | C26: 8.674633 | D26: 2661.13 | E26: UAE Dirham | G26: 301829.94 | H26: 514499.75 | I26: 678574.94 | J26: 745924.06 | K26: 4267525 | O26: 257413.48 | P26: 467805.12 | S26: 0.65624332 | T26: 0.54566634 | U26: 0.49639833 | W26: ICP PPP timeseries: benchmark or interpolated | X26: Benchmark | Y26: Market-based | Z26: Regular | AC26: 0.48503289 | AD26: 0.31057051 | AE26: 0.28510919 | AF26: 0.094068475 | AG26: 0.78917432 | AH26: -0.68438107 | AI26: 0.20545858 | AJ26: 0.66287433 | AK26: 0.38873071 | AL26: 0.63435089 | AM26: 0.5104422 | AN26: 0.56224698 | AO26: 0.24804732
A27: United Arab Emirates | B27: 2016 | C27: 9.030873 | D27: 2671.65 | E27: UAE Dirham | G27: 296153.88 | H27: 502406.81 | I27: 664114.88 | J27: 712997.25 | K27: 4423458.5 | O27: 264706.22 | P27: 477193.91 | S27: 0.67347813 | T27: 0.5560112 | U27: 0.51789171 | W27: ICP PPP timeseries: benchmark or interpolated | X27: Benchmark | Y27: Market-based | Z27: Regular | AC27: 0.47422924 | AD27: 0.32240972 | AE27: 0.28927591 | AF27: 0.092954963 | AG27: 0.80707246 | AH27: -0.68948567 | AI27: 0.17777264 | AJ27: 0.67308908 | AK27: 0.38734323 | AL27: 0.6748274 | AM27: 0.51273251 | AN27: 0.5508101 | AO27: 0.24265495
A28: United Arab Emirates | B28: 2017 | C28: 9.234327 | D28: 2680.97 | E28: UAE Dirham | G28: 301245.66 | H28: 509670.34 | I28: 677643.25 | J28: 665583.12 | K28: 4332636 | O28: 282405.62 | P28: 500271.31 | S28: 0.69912565 | T28: 0.57628673 | U28: 0.58672887 | W28: Benchmark | X28: Benchmark | Y28: Market-based | Z28: Regular | AC28: 0.44677402 | AD28: 0.34894389 | AE28: 0.31314597 | AF28: 0.10366024 | AG28: 0.81978709 | AH28: -0.69034332 | AI28: 0.10480613 | AJ28: 0.68745671 | AK28: 0.39874209 | AL28: 0.73840589 | AM28: 0.5746665 | AN28: 0.56082207 | AO28: 0.24660262
A29: United Arab Emirates | B29: 2018 | C29: 9.34687 | D29: 2691.72 | E29: UAE Dirham | G29: 323638.12 | H29: 524562.94 | I29: 726452.75 | J29: 715894.12 | K29: 4057753.2 | O29: 285402.03 | P29: 502843.28 | S29: 0.66475415 | T29: 0.58785576 | U29: 0.59652603 | W29: ICP PPP timeseries: benchmark or interpolated | X29: Benchmark | Y29: Market-based | Z29: Regular | AC29: 0.44480802 | AD29: 0.34736165 | AE29: 0.28066275 | AF29: 0.10471378 | AG29: 0.91801828 | AH29: -0.59319419 | AI29: -0.057562206 | AJ29: 0.6503128 | AK29: 0.46399227 | AL29: 0.71265972 | AM29: 0.59024304 | AN29: 0.57609272 | AO29: 0.28728068
A30: United Arab Emirates | B30: 2019 | C30: 9.377847 | D30: 2706.89 | E30: UAE Dirham | G30: 350611.22 | H30: 585491.19 | I30: 766862.44 | J30: 752255.94 | K30: 4294786.5 | O30: 304670 | P30: 531968.06 | S30: 0.62326449 | T30: 0.54506481 | U30: 0.55564821 | W30: ICP PPP timeseries: benchmark or interpolated | X30: Extrapolated | Y30: Market-based | Z30: Regular | AC30: 0.44624756 | AD30: 0.35940379 | AE30: 0.3122341 | AF30: 0.10667589 | AG30: 0.87681448 | AH30: -0.65006614 | AI30: -0.0050621568 | AJ30: 0.60592095 | AK30: 0.42833416 | AL30: 0.68169704 | AM30: 0.59032685 | AN30: 0.58975154 | AO30: 0.2658051
A31: United Arab Emirates | B31: 2020 | C31: 9.448524 | D31: 2578.15 | E31: UAE Dirham | G31: 343300.16 | H31: 559090 | I31: 659146.69 | J31: 715402.88 | K31: 5296067.5 | O31: 300064.53 | P31: 492080 | S31: 0.62597084 | T31: 0.53019011 | U31: 0.48849815 | W31: ICP PPP timeseries: benchmark or interpolated | X31: Extrapolated | Y31: Market-based | Z31: Regular | AC31: 0.44693758 | AD31: 0.35611299 | AE31: 0.30163401 | AF31: 0.12375668 | AG31: 0.93779188 | AH31: -0.7087093 | AI31: -0.010586209 | AJ31: 0.63528247 | AK31: 0.37781243 | AL31: 0.5991763 | AM31: 0.50212574 | AN31: 0.55250496 | AO31: 0.23140235
A32: Argentina | B32: 2015 | C32: 43.477012 | D32: 1703.47 | E32: Argentine Peso | G32: 856482.06 | H32: 1003833.5 | I32: 993157.81 | J32: 990410.88 | K32: 3512942.2 | L32: 0.032983799 | M32: 0.80210978 | N32: 0.78431916 | O32: 1076830.9 | P32: 1249257.6 | Q32: 1.1200236 | R32: 0.57141292 | S32: 0.63252449 | T32: 0.64934617 | U32: 0.65114719 | W32: ICP PPP timeseries: extrapolated | X32: Benchmark | Y32: Market-based | Z32: Regular | AA32: Regular | AC32: 0.6612657 | AD32: 0.57202488 | AE32: 0.1487781 | AF32: 0.29274964 | AG32: 0.09957017 | AH32: -0.10767496 | AI32: -0.0054478184 | AJ32: 0.7502191 | AK32: 0.74712215 | AL32: 0.40255241 | AM32: 0.57581234 | AN32: 0.56452984 | AO32: 0.47153667 | AP32: 1.1195796
A33: Argentina | B33: 2016 | C33: 43.900313 | D33: 1646.51 | E33: Argentine Peso | G33: 856016 | H33: 1004675.8 | I33: 994337.62 | J33: 992343.31 | K33: 3481090.5 | L33: 0.031722989 | M33: 0.82316399 | N33: 0.80573499 | O33: 1069016.6 | P33: 1230656.5 | Q33: 1.1064203 | R33: 0.58497977 | S33: 0.5430398 | T33: 0.56070721 | U33: 0.5618341 | W33: ICP PPP timeseries: extrapolated | X33: Benchmark | Y33: Market-based | Z33: Regular | AA33: Regular | AC33: 0.64197086 | AD33: 0.56970251 | AE33: 0.14980675 | AF33: 0.29291832 | AG33: 0.10293377 | AH33: -0.10143358 | AI33: -0.013927784 | AJ33: 0.64814177 | AK33: 0.66244034 | AL33: 0.33862491 | AM33: 0.56663549 | AN33: 0.55545902 | AO33: 0.40308094 | AP33: 0.94412279
A34: Argentina | B34: 2017 | C34: 44.288894 | D34: 1648.81 | E34: Argentine Peso | G34: 981888.5 | H34: 1150152.8 | I34: 1120471.1 | J34: 1116606.6 | K34: 3665912.8 | L34: 0.032834984 | M34: 0.88469374 | N34: 0.8775714 | O34: 1110025 | P34: 1301974.1 | Q34: 1.1069436 | R34: 0.5848015 | S34: 0.55348146 | T34: 0.57442659 | U34: 0.57641464 | W34: Benchmark | X34: Benchmark | Y34: Market-based | Z34: Regular | AA34: Regular | AC34: 0.66124429 | AD34: 0.64904249 | AE34: 0.15069254 | AF34: 0.23030792 | AG34: 0.090484016 | AH34: -0.10726649 | AI34: -0.013260498 | AJ34: 0.59271415 | AK34: 0.69664961 | AL34: 0.44291783 | AM34: 0.57786077 | AN34: 0.55854386 | AO34: 0.4373332 | AP34: 1.0154245
A35: Argentina | B35: 2018 | C35: 44.654882 | D35: 1638.44 | E35: Argentine Peso | G35: 1034199.4 | H35: 1186254.6 | I35: 1164259.9 | J35: 1160582.1 | K35: 3878835.8 | L35: 0.033986915 | M35: 0.88697791 | N35: 0.87269133 | O35: 1085872.6 | P35: 1256070 | Q35: 1.0631099 | R35: 0.54064101 | S35: 0.43274209 | T35: 0.45077556 | U35: 0.45220405 | W35: ICP PPP timeseries: benchmark or interpolated | X35: Benchmark | Y35: Market-based | Z35: Regular | AA35: Regular | AC35: 0.67027525 | AD35: 0.66887337 | AE35: 0.13101634 | AF35: 0.22223067 | AG35: 0.088707119 | AH35: -0.099333867 | AI35: -0.01149366 | AJ35: 0.4696658 | AK35: 0.57342967 | AL35: 0.32160856 | AM35: 0.59793317 | AN35: 0.56764454 | AO35: 0.35660461 | AP35: 0.83871895
A36: Argentina | B36: 2019 | C36: 44.973465 | D36: 1612.12 | E36: Argentine Peso | G36: 965162.12 | H36: 1089028.8 | I36: 1125252.2 | J36: 1106826.1 | K36: 4035455 | L36: 0.034166362 | M36: 0.82013255 | N36: 0.77650511 | O36: 1018771.2 | P36: 1149789.2 | Q36: 1.0276719 | R36: 0.53303313 | S36: 0.38305974 | T36: 0.39791495 | U36: 0.40453929 | W36: ICP PPP timeseries: benchmark or interpolated | X36: Extrapolated | Y36: Market-based | Z36: Regular | AA36: Regular | AC36: 0.66640297 | AD36: 0.64411306 | AE36: 0.11191157 | AF36: 0.22789575 | AG36: 0.10265765 | AH36: -0.083059922 | AI36: -0.0035180829 | AJ36: 0.41531853 | AK36: 0.51366591 | AL36: 0.29188511 | AM36: 0.57306582 | AN36: 0.53435755 | AO36: 0.31710184 | AP36: 0.69605541
A37: Argentina | B37: 2020 | C37: 45.191965 | D37: 1528.56 | E37: Argentine Peso | G37: 906039.75 | H37: 1021121.6 | I37: 1052780 | J37: 1036080.4 | K37: 4382449.5 | L37: 0.034554478 | M37: 0.80493891 | N37: 0.76104486 | O37: 914742.94 | P37: 1038720.4 | Q37: 0.9987635 | R37: 0.55504137 | S37: 0.35156924 | T37: 0.36640179 | U37: 0.37230751 | W37: ICP PPP timeseries: benchmark or interpolated | X37: Extrapolated | Y37: Market-based | Z37: Regular | AA37: Regular | AC37: 0.65604007 | AD37: 0.63054806 | AE37: 0.11107425 | AF37: 0.24393973 | AG37: 0.090038076 | AH37: -0.072404414 | AI37: -0.0031957491 | AJ37: 0.38795383 | AK37: 0.48317863 | AL37: 0.25752045 | AM37: 0.5570628 | AN37: 0.52167106 | AO37: 0.29202244 | AP37: 0.58984172
A38: Armenia | B38: 2015 | C38: 2.921177 | D38: 1868.85 | E38: Armenian Dram | G38: 33434.883 | H38: 37129.348 | I38: 33222.996 | J38: 34416.961 | K38: 93613.266 | L38: 0.00092647818 | M38: 0.63778061 | N38: 0.66378677 | O38: 36979.742 | P38: 43461.52 | Q38: 0.92769188 | R38: 0.57366437 | S38: 0.28731769 | T38: 0.31765157 | U38: 0.30663189 | W38: ICP PPP timeseries: benchmark or interpolated | X38: Benchmark | Y38: Market-based | Z38: Regular | AA38: Regular | AC38: 0.56740049 | AD38: 0.72941017 | AE38: 0.10734432 | AF38: 0.24205518 | AG38: 0.075392112 | AH38: -0.20474862 | AI38: 0.050546926 | AJ38: 0.32754525 | AK38: 0.59217305 | AL38: 0.16609576 | AM38: 0.57140666 | AN38: 0.46218896 | AO38: 0.42383936 | AP38: 0.64882606
A39: Armenia | B39: 2016 | C39: 2.918793 | D39: 1857.71 | E39: Armenian Dram | G39: 34953.941 | H39: 38378.367 | I39: 35610.266 | J39: 37252.52 | K39: 95791.75 | L39: 0.00093957502 | M39: 0.70407033 | N39: 0.70127589 | O39: 36199.109 | P39: 42024.547 | Q39: 0.95378256 | R39: 0.56517243 | S39: 0.27081299 | T39: 0.29615441 | U39: 0.28309858 | W39: ICP PPP timeseries: benchmark or interpolated | X39: Benchmark | Y39: Market-based | Z39: Regular | AA39: Regular | AC39: 0.56618643 | AD39: 0.69992703 | AE39: 0.091924623 | AF39: 0.23837033 | AG39: 0.086889699 | AH39: -0.17314008 | AI39: 0.056028385 | AJ39: 0.30862443 | AK39: 0.55482035 | AL39: 0.15978723 | AM39: 0.55850101 | AN39: 0.4989931 | AO39: 0.3997457 | AP39: 0.63174564
A40: Armenia | B40: 2017 | C40: 2.914963 | D40: 1862.92 | E40: Armenian Dram | G40: 41024.148 | H40: 44961.586 | I40: 40589.934 | J40: 42776.336 | K40: 99837.773 | L40: 0.0009797879 | M40: 0.79629064 | N40: 0.80601597 | O40: 40392.848 | P40: 46799.176 | Q40: 1.0272477 | R40: 0.5487541 | S40: 0.25949207 | T40: 0.28399798 | U40: 0.26948214 | W40: Benchmark | X40: Benchmark | Y40: Market-based | Z40: Regular | AA40: Regular | AC40: 0.56215734 | AD40: 0.72986591 | AE40: 0.092047103 | AF40: 0.22917247 | AG40: 0.086796537 | AH40: -0.18185973 | AI40: 0.043977764 | AJ40: 0.2954879 | AK40: 0.53932499 | AL40: 0.14485291 | AM40: 0.57771522 | AN40: 0.50048953 | AO40: 0.39615992 | AP40: 0.66238153
A41: Armenia | B41: 2018 | C41: 2.909965 | D41: 1999.09 | E41: Armenian Dram | G41: 40616.062 | H41: 46943.871 | I41: 41292.094 | J41: 44192.758 | K41: 129905.44 | L41: 0.0012463436 | M41: 0.68511587 | N41: 0.70054811 | O41: 41903.164 | P41: 50890.09 | Q41: 1.0039375 | R41: 0.53120744 | S41: 0.28000134 | T41: 0.3017028 | U41: 0.28190008 | W41: ICP PPP timeseries: benchmark or interpolated | X41: Benchmark | Y41: Market-based | Z41: Regular | AA41: Regular | AC41: 0.57659202 | AD41: 0.74104697 | AE41: 0.14318658 | AF41: 0.17801912 | AG41: 0.090955481 | AH41: -0.21432282 | AI41: 0.061114658 | AJ41: 0.30356882 | AK41: 0.44099718 | AL41: 0.18189612 | AM41: 0.59295189 | AN41: 0.51205474 | AO41: 0.30393416 | AP41: 0.5540576
A42: Armenia | B42: 2019 | C42: 2.903972 | D42: 1991.75 | E42: Armenian Dram | G42: 48316.832 | H42: 54661.152 | I42: 48196.738 | J42: 51704.395 | K42: 164010.59 | L42: 0.0015202591 | M42: 0.70872742 | N42: 0.72099239 | O42: 46806.883 | P42: 54276.289 | Q42: 1.0511035 | R42: 0.50458598 | S42: 0.27061102 | T42: 0.28257704 | U42: 0.26340681 | W42: ICP PPP timeseries: benchmark or interpolated | X42: Extrapolated | Y42: Market-based | Z42: Regular | AA42: Regular | AC42: 0.58217448 | AD42: 0.73482156 | AE42: 0.12270367 | AF42: 0.19966054 | AG42: 0.087322213 | AH42: -0.19039008 | AI42: 0.045882065 | AJ42: 0.29910015 | AK42: 0.37370727 | AL42: 0.16576089 | AM42: 0.5803107 | AN42: 0.51520145 | AO42: 0.24307157 | AP42: 0.50480253
A43: Armenia | B43: 2020 | C43: 2.890892 | D43: 1861.06 | E43: Armenian Dram | G43: 44214.637 | H43: 51285.957 | I43: 46641.051 | J43: 49202.496 | K43: 201069.03 | L43: 0.0017556937 | M43: 0.64308274 | N43: 0.64304596 | O43: 41715.992 | P43: 49267.203 | Q43: 1.0086291 | R43: 0.51909465 | S43: 0.2581684 | T43: 0.27104232 | U43: 0.25693208 | W43: ICP PPP timeseries: benchmark or interpolated | X43: Extrapolated | Y43: Market-based | Z43: Regular | AA43: Regular | AC43: 0.58758248 | AD43: 0.66898364 | AE43: 0.1437187 | AF43: 0.22964223 | AG43: 0.060664289 | AH43: -0.1350619 | AI43: 0.03205302 | AJ43: 0.28930099 | AK43: 0.35153873 | AL43: 0.16747433 | AM43: 0.58649623 | AN43: 0.51385522 | AO43: 0.21336593 | AP43: 0.41118875
A44: Antigua and Barbuda | B44: 2015 | C44: 0.089409 | E44: East Caribbean Dollar | G44: 1659.9265 | H44: 2143.3293 | I44: 2040.896 | J44: 1651.0563 | K44: 11706.568 | O44: 1192.215 | P44: 1755.442 | S44: 0.70581454 | T44: 0.70448357 | U44: 0.87082309 | W44: ICP PPP timeseries: benchmark or interpolated | X44: Benchmark | Y44: Market-based | Z44: Regular | AC44: 0.55907436 | AD44: 0.70806241 | AE44: 0.29278395 | AF44: 0.29731002 | AG44: 0.026260573 | AH44: -0.57961565 | AI44: 0.25519866 | AJ44: 0.80550337 | AK44: 0.69991336 | AL44: 0.46839935 | AM44: 0.60071337 | AN44: 0.48603734 | AO44: 0.46434218
A45: Antigua and Barbuda | B45: 2016 | C45: 0.089969 | E45: East Caribbean Dollar | G45: 1588.6964 | H45: 2109.8589 | I45: 2016.7208 | J45: 1529.0918 | K45: 12643.113 | O45: 1284.7402 | P45: 1871.5146 | S45: 0.73095113 | T45: 0.73863947 | U45: 0.97419238 | W45: ICP PPP timeseries: benchmark or interpolated | X45: Benchmark | Y45: Market-based | Z45: Regular | AC45: 0.53966424 | AD45: 0.72130549 | AE45: 0.34083134 | AF45: 0.31767491 | AG45: 0.061947748 | AH45: -0.6838913 | AI45: 0.24213183 | AJ45: 0.84434034 | AK45: 0.76207629 | AL45: 0.4734922 | AM45: 0.64443421 | AN45: 0.46907336 | AO45: 0.50606805
A46: Antigua and Barbuda | B46: 2017 | C46: 0.090468 | E46: East Caribbean Dollar | G46: 1466.2346 | H46: 2057.3955 | I46: 1970.1587 | J46: 1275.0085 | K46: 14248.645 | O46: 1454.2292 | P46: 2062.6909 | S46: 0.7612623 | T46: 0.77715111 | U46: 1.2008635 | W46: Benchmark | X46: Benchmark | Y46: Market-based | Z46: Outlier | AC46: 0.51877596 | AD46: 0.75969857 | AE46: 0.46365252 | AF46: 0.39028168 | AG46: 0.075375721 | AH46: -1.0153285 | AI46: 0.32632011 | AJ46: 0.90709024 | AK46: 0.81655959 | AL46: 0.47740251 | AM46: 0.64919418 | AN46: 0.4865149 | AO46: 0.54864037
A47: Antigua and Barbuda | B47: 2018 | C47: 0.090926 | E47: East Caribbean Dollar | G47: 1563.2542 | H47: 2358.1169 | I47: 2265.3577 | J47: 1774.0883 | K47: 11961.609 | O47: 1428.887 | P47: 2437.8245 | S47: 0.71833169 | T47: 0.73343009 | U47: 0.93652695 | W47: ICP PPP timeseries: benchmark or interpolated | X47: Benchmark | Y47: Market-based | Z47: Outlier | AC47: 0.48449969 | AD47: 0.57511151 | AE47: 0.44804019 | AF47: 0.30604765 | AG47: 0.021419404 | AH47: -0.63667768 | AI47: 0.28605896 | AJ47: 0.85550905 | AK47: 0.76312418 | AL47: 0.46055388 | AM47: 0.68002999 | AN47: 0.50389016 | AO47: 0.51390779
A48: Antigua and Barbuda | B48: 2019 | C48: 0.091364 | E48: East Caribbean Dollar | G48: 1557.9744 | H48: 2540.1768 | I48: 2446.4866 | J48: 1957.5743 | K48: 16001.706 | O48: 1388.1224 | P48: 2378.3252 | S48: 0.69556457 | T48: 0.70516843 | U48: 0.8812871 | W48: ICP PPP timeseries: benchmark or interpolated | X48: Extrapolated | Y48: Market-based | Z48: Outlier | AC48: 0.51733078 | AD48: 0.49932411 | AE48: 0.50174469 | AF48: 0.29654571 | AG48: 0.032302856 | AH48: -0.59937978 | AI48: 0.26946247 | AJ48: 0.84780472 | AK48: 0.72040214 | AL48: 0.43922233 | AM48: 0.59144425 | AN48: 0.48438191 | AO48: 0.48555186
A49: Antigua and Barbuda | B49: 2020 | C49: 0.091846 | E49: East Caribbean Dollar | G49: 1240.8434 | H49: 2144.7563 | I49: 2070.1729 | J49: 1960.1534 | K49: 18591 | O49: 1418.6116 | P49: 2245.8926 | S49: 0.68251348 | T49: 0.68146038 | U49: 0.71970934 | W49: ICP PPP timeseries: benchmark or interpolated | X49: Extrapolated | Y49: Market-based | Z49: Outlier | AC49: 0.52098155 | AD49: 0.39252776 | AE49: 0.46114394 | AF49: 0.24050601 | AG49: 0.015844675 | AH49: -0.37227571 | AI49: 0.26225328 | AJ49: 0.83275497 | AK49: 0.68001475 | AL49: 0.43730556 | AM49: 0.95739037 | AN49: 0.61740565 | AO49: 0.4513922
A50: Australia | B50: 2015 | C50: 23.948002 | D50: 1649.81 | E50: Australian Dollar | G50: 942014.81 | H50: 1274767.4 | I50: 1244688.4 | J50: 1255661.2 | K50: 6631231.5 | L50: 0.085223027 | M50: 0.81624919 | N50: 0.79945445 | O50: 971628.5 | P50: 1312904.6 | Q50: 0.98146957 | R50: 0.60457844 | S50: 1.0176754 | T50: 1.0006769 | U50: 0.99193221 | W50: ICP PPP timeseries: benchmark or interpolated | X50: Benchmark | Y50: Market-based | Z50: Regular | AA50: Regular | AC50: 0.81339997 | AD50: 0.5753352 | AE50: 0.2650018 | AF50: 0.17487891 | AG50: 0.27485541 | AH50: -0.27579838 | AI50: -0.014272952 | AJ50: 0.98264438 | AK50: 0.95255474 | AL50: 1.1329239 | AM50: 0.54412711 | AN50: 0.57784754 | AO50: 0.84900612 | AP50: 0.77211124
A51: Australia | B51: 2016 | C51: 24.329963 | D51: 1643.82 | E51: Australian Dollar | G51: 981798.5 | H51: 1313528.8 | I51: 1317608.4 | J51: 1341528 | K51: 6798418.5 | L51: 0.084594183 | M51: 0.84697253 | N51: 0.80177206 | O51: 1001615.6 | P51: 1344286.2 | Q51: 0.98335731 | R51: 0.58496273 | S51: 1.0049578 | T51: 0.99164432 | U51: 0.97396308 | W51: ICP PPP timeseries: benchmark or interpolated | X51: Benchmark | Y51: Market-based | Z51: Regular | AA51: Regular | AC51: 0.81518545 | AD51: 0.5578571 | AE51: 0.24727796 | AF51: 0.17399383 | AG51: 0.26480001 | AH51: -0.2468536 | AI51: 0.0029247333 | AJ51: 0.97012365 | AK51: 0.95224127 | AL51: 1.1166426 | AM51: 0.53381318 | AN51: 0.57194531 | AO51: 0.84555966 | AP51: 0.82975936
A52: Australia | B52: 2017 | C52: 24.731038 | D52: 1641.6 | E52: Australian Dollar | G52: 1001537.8 | H52: 1336602.4 | I52: 1337297.1 | J52: 1392908.9 | K52: 6561996.5 | L52: 0.082055591 | M52: 0.86668384 | N52: 0.80089295 | O52: 1031835.9 | P52: 1392356.2 | Q52: 0.99152821 | R52: 0.58268863 | S52: 1.061469 | T52: 1.0557044 | U52: 1.0135555 | W52: Benchmark | X52: Benchmark | Y52: Market-based | Z52: Regular | AA52: Regular | AC52: 0.80951548 | AD52: 0.54258269 | AE52: 0.24055028 | AF52: 0.17644337 | AG52: 0.30473498 | AH52: -0.26384628 | AI52: -0.00046504018 | AJ52: 1.0327314 | AK52: 1.0384734 | AL52: 1.1498402 | AM52: 0.54226696 | AN52: 0.6225208 | AO52: 0.94834572 | AP52: 0.89580959
A53: Australia | B53: 2018 | C53: 25.119706 | D53: 1633.87 | E53: Australian Dollar | G53: 1028686 | H53: 1362767.4 | I53: 1392451.8 | J53: 1465572.8 | K53: 6776144.5 | L53: 0.082737461 | M53: 0.87486368 | N53: 0.78307027 | O53: 1058136.5 | P53: 1411672.6 | Q53: 0.98653305 | R53: 0.57493418 | S53: 1.0533824 | T53: 1.0448816 | U53: 0.99274993 | W53: ICP PPP timeseries: benchmark or interpolated | X53: Benchmark | Y53: Market-based | Z53: Regular | AA53: Regular | AC53: 0.82601642 | AD53: 0.51847762 | AE53: 0.22795281 | AF53: 0.18342273 | AG53: 0.30981961 | AH53: -0.24915321 | AI53: 0.0094804866 | AJ53: 1.0359811 | AK53: 1.0187064 | AL53: 1.1025704 | AM53: 0.55665821 | AN53: 0.64503247 | AO53: 0.94029868 | AP53: 0.88382626
A54: Australia | B54: 2019 | C54: 25.482714 | D54: 1632.29 | E54: Australian Dollar | G54: 1028259.8 | H54: 1366341.4 | I54: 1414270.6 | J54: 1502756.5 | K54: 7240472 | L54: 0.086551137 | M54: 0.84856665 | N54: 0.74243194 | O54: 1054360.4 | P54: 1394982.4 | Q54: 0.9630459 | R54: 0.56904066 | S54: 0.99385101 | T54: 0.9740594 | U54: 0.91670436 | W54: ICP PPP timeseries: benchmark or interpolated | X54: Extrapolated | Y54: Market-based | Z54: Regular | AA54: Regular | AC54: 0.83781902 | AD54: 0.49120262 | AE54: 0.22497432 | AF54: 0.19304644 | AG54: 0.33120137 | AH54: -0.24172404 | AI54: 0.0012993192 | AJ54: 0.97583354 | AK54: 0.91386428 | AL54: 1.039696 | AM54: 0.53519982 | AN54: 0.60971659 | AO54: 0.84506702 | AP54: 0.7801854
A55: Australia | B55: 2020 | C55: 25.743791 | D55: 1601.09 | E55: Australian Dollar | G55: 1079860.9 | H55: 1441982.2 | I55: 1499112.1 | J55: 1539556.2 | K55: 7483181.5 | L55: 0.086129658 | M55: 0.85635036 | N55: 0.7694481 | O55: 1081549.2 | P55: 1446493.4 | Q55: 0.98176903 | R55: 0.56035066 | S55: 0.97372639 | T55: 0.95752925 | U55: 0.93237495 | W55: ICP PPP timeseries: benchmark or interpolated | X55: Extrapolated | Y55: Market-based | Z55: Regular | AA55: Regular | AC55: 0.83607675 | AD55: 0.49359483 | AE55: 0.23521152 | AF55: 0.20781563 | AG55: 0.28606546 | AH55: -0.22542728 | AI55: 0.0027398821 | AJ55: 0.96013573 | AK55: 0.90922885 | AL55: 1.0060063 | AM55: 0.57856107 | AN55: 0.58790082 | AO55: 0.82852155 | AP55: 0.87009138
A56: Austria | B56: 2015 | C56: 8.644039 | D56: 1494.83 | E56: Euro | G56: 327440.59 | H56: 466121.03 | I56: 483747.25 | J56: 462733.88 | K56: 2748437 | L56: 0.034259964 | M56: 0.86744785 | N56: 0.84299129 | O56: 367660.03 | P56: 522294.88 | Q56: 1.0167227 | R56: 0.60215092 | S56: 0.83856285 | T56: 0.78459585 | U56: 0.82022548 | W56: ICP PPP timeseries: benchmark or interpolated | X56: Benchmark | Y56: Market-based | Z56: Regular | AA56: Regular | AC56: 0.82904476 | AD56: 0.53050858 | AE56: 0.29969802 | AF56: 0.17711326 | AG56: 0.52609563 | AH56: -0.57683969 | AI56: 0.043424185 | AJ56: 0.80731164 | AK56: 0.65717343 | AL56: 0.93216988 | AM56: 0.59675753 | AN56: 0.55419672 | AO56: 0.56674635 | AP56: 0.58886808
A57: Austria | B57: 2016 | C57: 8.737915 | D57: 1507.17 | E57: Euro | G57: 337251.28 | H57: 483999.22 | I57: 502768.31 | J57: 474155.47 | K57: 2798657.2 | L57: 0.034367111 | M57: 0.86782414 | N57: 0.85644102 | O57: 373931.16 | P57: 534915.38 | Q57: 1.015063 | R57: 0.60006684 | S57: 0.83826399 | T57: 0.78303933 | U57: 0.83029175 | W57: ICP PPP timeseries: benchmark or interpolated | X57: Benchmark | Y57: Market-based | Z57: Regular | AA57: Regular | AC57: 0.82861476 | AD57: 0.52865481 | AE57: 0.3094933 | AF57: 0.18261248 | AG57: 0.52162671 | AH57: -0.59314573 | AI57: 0.050758462 | AJ57: 0.81407737 | AK57: 0.65612364 | AL57: 0.90828324 | AM57: 0.58504725 | AN57: 0.5332998 | AO57: 0.56615007 | AP57: 0.59300607
A58: Austria | B58: 2017 | C58: 8.798778 | D58: 1497.42 | E58: Euro | G58: 345110.31 | H58: 501126.25 | I58: 517303 | J58: 492915.28 | K58: 2891243 | L58: 0.035422873 | M58: 0.86794853 | N58: 0.849774 | O58: 379643 | P58: 546656.75 | Q58: 1.0197301 | R58: 0.60042477 | S58: 0.86439121 | T58: 0.802095 | U58: 0.84177989 | W58: Benchmark | X58: Benchmark | Y58: Market-based | Z58: Regular | AA58: Regular | AC58: 0.82525077 | AD58: 0.51619673 | AE58: 0.3165167 | AF58: 0.18394452 | AG58: 0.53409988 | AH58: -0.59770423 | AI58: 0.046946466 | AJ58: 0.84965834 | AK58: 0.66429442 | AL58: 0.90573557 | AM58: 0.60764021 | AN58: 0.5650546 | AO58: 0.58020586 | AP58: 0.58395451
A59: Austria | B59: 2018 | C59: 8.84165 | D59: 1501.39 | E59: Euro | G59: 349305.16 | H59: 520990.59 | I59: 537292.06 | J59: 515895.59 | K59: 3018957.2 | L59: 0.036457039 | M59: 0.87005997 | N59: 0.8457911 | O59: 383004.47 | P59: 559047.06 | Q59: 1.0200267 | R59: 0.59983993 | S59: 0.92079931 | T59: 0.84233946 | U59: 0.87727499 | W59: ICP PPP timeseries: benchmark or interpolated | X59: Benchmark | Y59: Market-based | Z59: Regular | AA59: Regular | AC59: 0.82797988 | AD59: 0.49941897 | AE59: 0.33279109 | AF59: 0.17766596 | AG59: 0.54637915 | AH59: -0.60251057 | AI59: 0.046255369 | AJ59: 0.90364744 | AK59: 0.6827079 | AL59: 0.96901315 | AM59: 0.62791044 | AN59: 0.59258598 | AO59: 0.60523665 | AP59: 0.58737522
A60: Austria | B60: 2019 | C60: 8.880876 | D60: 1508.85 | E60: Euro | G60: 369511.62 | H60: 545893.44 | I60: 567032.38 | J60: 549661.88 | K60: 3128627.2 | L60: 0.036928941 | M60: 0.89938807 | N60: 0.85952729 | O60: 386246.31 | P60: 561638.06 | Q60: 1.0150965 | R60: 0.60484242 | S60: 0.84833175 | T60: 0.78123158 | U60: 0.80592012 | W60: ICP PPP timeseries: benchmark or interpolated | X60: Extrapolated | Y60: Market-based | Z60: Regular | AA60: Regular | AC60: 0.83718038 | AD60: 0.49290848 | AE60: 0.32089144 | AF60: 0.17934412 | AG60: 0.5316354 | AH60: -0.57349104 | AI60: 0.048711635 | AJ60: 0.83458448 | AK60: 0.64065986 | AL60: 0.88611476 | AM60: 0.58699667 | AN60: 0.56022 | AO60: 0.57411748 | AP60: 0.53914738
A61: Austria | B61: 2020 | C61: 8.921405 | D61: 1398.75 | E61: Euro | G61: 357606.03 | H61: 524850.25 | I61: 543589.31 | J61: 527528 | K61: 3189829 | L61: 0.036463726 | M61: 0.88866293 | N61: 0.84818482 | O61: 364351.5 | P61: 530152.56 | Q61: 0.99616605 | R61: 0.59801024 | S61: 0.86124486 | T61: 0.79912829 | U61: 0.82345891 | W61: ICP PPP timeseries: benchmark or interpolated | X61: Extrapolated | Y61: Market-based | Z61: Regular | AA61: Regular | AC61: 0.83818009 | AD61: 0.48886359 | AE61: 0.31703386 | AF61: 0.18902653 | AG61: 0.49321193 | AH61: -0.5326789 | AI61: 0.044542916 | AJ61: 0.83531158 | AK61: 0.66630898 | AL61: 0.92831386 | AM61: 0.59753996 | AN61: 0.56883454 | AO61: 0.59665805 | AP61: 0.56867784
A62: Azerbaijan | B62: 2015 | C62: 9.75285 | D62: 1795.69 | E62: Azerbaijanian Manat | G62: 135530.44 | H62: 161789.02 | I62: 166772.25 | J62: 165730.16 | K62: 213452.89 | L62: 0.0041579404 | O62: 132196.16 | P62: 178592.16 | R62: 0.28925911 | S62: 0.27060217 | T62: 0.31825587 | U62: 0.32025704 | W62: ICP PPP timeseries: benchmark or interpolated | X62: Benchmark | Y62: Market-based | Z62: Regular | AA62: Regular | AC62: 0.5212473 | AD62: 0.60253298 | AE62: 0.15844178 | AF62: 0.21524474 | AG62: 0.15479094 | AH62: -0.09622895 | AI62: -0.034781467 | AJ62: 0.30131821 | AK62: 0.56421462 | AL62: 0.18461893 | AM62: 0.49296513 | AN62: 0.57776892 | AO62: 0.4065491 | AP62: 1.2121468
A63: Azerbaijan | B63: 2016 | C63: 9.868428 | D63: 1804.82 | E63: Azerbaijanian Manat | G63: 137466.19 | H63: 158797.52 | I63: 163334.94 | J63: 157630.52 | K63: 225470.69 | L63: 0.0040246062 | O63: 135659.94 | P63: 171652.17 | R63: 0.2725476 | S63: 0.19706848 | T63: 0.23183656 | U63: 0.24022636 | W63: ICP PPP timeseries: benchmark or interpolated | X63: Benchmark | Y63: Market-based | Z63: Regular | AA63: Regular | AC63: 0.49964613 | AD63: 0.62188333 | AE63: 0.13532491 | AF63: 0.25019518 | AG63: 0.19458877 | AH63: -0.10015204 | AI63: -0.10184013 | AJ63: 0.22678399 | AK63: 0.45589348 | AL63: 0.12320781 | AM63: 0.43623912 | AN63: 0.53667516 | AO63: 0.32296929 | AP63: 0.88594228
A64: Azerbaijan | B64: 2017 | C64: 9.96851 | D64: 1808.36 | E64: Azerbaijanian Manat | G64: 133109.39 | H64: 153849.61 | I64: 164886.12 | J64: 155265.59 | K64: 241139.56 | L64: 0.0039850022 | O64: 136946.67 | P64: 172395.23 | R64: 0.25454056 | S64: 0.21161853 | T64: 0.2478476 | U64: 0.26320469 | W64: Benchmark | X64: Benchmark | Y64: Market-based | Z64: Regular | AA64: Regular | AC64: 0.47290803 | AD64: 0.61700732 | AE64: 0.13357899 | AF64: 0.24029395 | AG64: 0.20789751 | AH64: -0.10572276 | AI64: -0.093055062 | AJ64: 0.24565361 | AK64: 0.48036356 | AL64: 0.124226 | AM64: 0.47417399 | AN64: 0.53412986 | AO64: 0.33229741 | AP64: 0.95380092
A65: Azerbaijan | B65: 2018 | C65: 10.039784 | D65: 1804.05 | E65: Azerbaijanian Manat | G65: 127515.3 | H65: 149023.14 | I65: 175866.42 | J65: 165136.41 | K65: 298562.06 | L65: 0.0047177449 | O65: 141279.67 | P65: 174551.22 | R65: 0.2554805 | S65: 0.23870073 | T65: 0.26788789 | U65: 0.28529432 | W65: ICP PPP timeseries: benchmark or interpolated | X65: Benchmark | Y65: Market-based | Z65: Regular | AA65: Regular | AC65: 0.44563445 | AD65: 0.61169457 | AE65: 0.13024284 | AF65: 0.16048709 | AG65: 0.24270184 | AH65: -0.12734458 | AI65: -0.017781757 | AJ65: 0.2525118 | AK65: 0.44093211 | AL65: 0.18605999 | AM65: 0.48626745 | AN65: 0.54497194 | AO65: 0.29539669 | AP65: 0.87911016
A66: Azerbaijan | B66: 2019 | C66: 10.110475 | D66: 1796.38 | E66: Azerbaijanian Manat | G66: 140239.94 | H66: 164704.27 | I66: 185190.08 | J66: 178794.98 | K66: 360851.94 | L66: 0.0057089892 | O66: 148709.05 | P66: 182013.14 | R66: 0.32748273 | S66: 0.23575352 | T66: 0.26013398 | U66: 0.26943839 | W66: ICP PPP timeseries: benchmark or interpolated | X66: Extrapolated | Y66: Market-based | Z66: Regular | AA66: Regular | AC66: 0.45491401 | AD66: 0.6078651 | AE66: 0.13682894 | AF66: 0.1764966 | AG66: 0.22866999 | AH66: -0.13621733 | AI66: -0.013643228 | AJ66: 0.25490053 | AK66: 0.39989317 | AL66: 0.16981008 | AM66: 0.48026308 | AN66: 0.56043041 | AO66: 0.26247951 | AP66: 0.64546901
A67: Azerbaijan | B67: 2020 | C67: 10.18173 | D67: 1740.47 | E67: Azerbaijanian Manat | G67: 135003.92 | H67: 162646.27 | I67: 161402.25 | J67: 172398.44 | K67: 429795.41 | L67: 0.0065931254 | O67: 138940.66 | P67: 169746.44 | R67: 0.3923021 | S67: 0.24383256 | T67: 0.26451302 | U67: 0.24764146 | W67: ICP PPP timeseries: benchmark or interpolated | X67: Extrapolated | Y67: Market-based | Z67: Regular | AA67: Regular | AC67: 0.45216719 | AD67: 0.59453702 | AE67: 0.16033991 | AF67: 0.18855549 | AG67: 0.19523868 | AH67: -0.11539848 | AI67: -0.02327258 | AJ67: 0.2536068 | AK67: 0.36551545 | AL67: 0.21301327 | AM67: 0.37547332 | AN67: 0.60184824 | AO67: 0.23181672 | AP67: 0.46728092
A68: Burundi | B68: 2015 | C68: 11.04758 | E68: Burundi Franc | G68: 10010.378 | H68: 10782.388 | I68: 8798.3057 | J68: 9567.3467 | K68: 15089.346 | L68: 0.00028396409 | M68: 0.21397926 | N68: 0.23265249 | O68: 10695.055 | P68: 11755.412 | Q68: 1.0152905 | R68: 0.6062175 | S68: 0.30595922 | T68: 0.31944013 | U68: 0.29376292 | W68: ICP PPP timeseries: benchmark or interpolated | X68: Benchmark | Y68: Market-based | Z68: Regular | AA68: Low capital share | AC68: 0.31601355 | AD68: 0.84453601 | AE68: 0.08069212 | AF68: 0.20177059 | AG68: 0.032547027 | AH68: -0.1595448 | AI68: -9.0541369e-07 | AJ68: 0.31492583 | AK68: 0.4942422 | AL68: 0.26842839 | AM68: 0.56882179 | AN68: 0.53125441 | AO68: 0.31363583 | AP68: 0.52071899
A69: Burundi | B69: 2016 | C69: 11.239451 | E69: Burundi Franc | G69: 10212.681 | H69: 11088.021 | I69: 9353.1699 | J69: 10087.349 | K69: 17413.938 | L69: 0.00030125061 | M69: 0.21565655 | N69: 0.2291826 | O69: 10711.662 | P69: 11898.039 | Q69: 1.0224295 | R69: 0.6062175 | S69: 0.2983551 | T69: 0.31327206 | U69: 0.29047146 | W69: ICP PPP timeseries: benchmark or interpolated | X69: Benchmark | Y69: Market-based | Z69: Regular | AA69: Regular | AC69: 0.32457426 | AD69: 0.80961043 | AE69: 0.0867761 | AF69: 0.20281421 | AG69: 0.034829568 | AH69: -0.13402994 | AI69: -4.1252426e-07 | AJ69: 0.30776155 | AK69: 0.48730973 | AL69: 0.2608056 | AM69: 0.55977362 | AN69: 0.54744464 | AO69: 0.30256137 | AP69: 0.49576089
A70: Burundi | B70: 2017 | C70: 11.506762 | E70: Burundi Franc | G70: 10710.763 | H70: 11693.188 | I70: 9857.041 | J70: 10382.878 | K70: 19482.381 | L70: 0.00031433551 | M70: 0.2120737 | N70: 0.23000446 | O70: 11250.608 | P70: 12491.146 | Q70: 1.027477 | R70: 0.6062175 | S70: 0.31977388 | T70: 0.33456561 | U70: 0.31762165 | W70: Benchmark | X70: Benchmark | Y70: Market-based | Z70: Regular | AA70: Regular | AC70: 0.3263497 | AD70: 0.82225823 | AE70: 0.094619781 | AF70: 0.20932113 | AG70: 0.046801895 | AH70: -0.17300102 | AI70: 0 | AJ70: 0.33094899 | AK70: 0.49583028 | AL70: 0.27587572 | AM70: 0.55787325 | AN70: 0.49291837 | AO70: 0.30655533 | AP70: 0.51544732
A71: Burundi | B71: 2018 | C71: 11.859446 | E71: Burundi Franc | G71: 11146.124 | H71: 12193.775 | I71: 10319.639 | J71: 10830.439 | K71: 21347.557 | L71: 0.00032339382 | M71: 0.20940417 | N71: 0.2269464 | O71: 11805.116 | P71: 13112.068 | Q71: 1.0277855 | R71: 0.6062175 | S71: 0.30758151 | T71: 0.32145691 | U71: 0.30629596 | W71: ICP PPP timeseries: benchmark or interpolated | X71: Benchmark | Y71: Market-based | Z71: Regular | AA71: Regular | AC71: 0.32339146 | AD71: 0.80607837 | AE71: 0.096732095 | AF71: 0.22306952 | AG71: 0.048424203 | AH71: -0.17430417 | AI71: 0 | AJ71: 0.32116036 | AK71: 0.46907944 | AL71: 0.25851334 | AM71: 0.57740879 | AN71: 0.4795441 | AO71: 0.28605512 | AP71: 0.4776147
A72: Burundi | B72: 2019 | C72: 12.255336 | E72: Burundi Franc | G72: 12551.32 | H72: 13612.058 | I72: 11224.387 | J72: 12256.394 | K72: 22611.15 | L72: 0.00031633579 | M72: 0.22857893 | N72: 0.24428543 | O72: 12286.463 | P72: 13582.8 | Q72: 1.0294398 | R72: 0.6062175 | S72: 0.28855783 | T72: 0.30010849 | U72: 0.27483886 | W72: ICP PPP timeseries: benchmark or interpolated | X72: Extrapolated | Y72: Market-based | Z72: Regular | AA72: Regular | AC72: 0.32250127 | AD72: 0.79360133 | AE72: 0.086545616 | AF72: 0.23046173 | AG72: 0.044574276 | AH72: -0.15518299 | AI72: -1.3499863e-16 | AJ72: 0.30197959 | AK72: 0.43678342 | AL72: 0.24233958 | AM72: 0.54755503 | AN72: 0.53402162 | AO72: 0.26223674 | AP72: 0.47694173
A73: Burundi | B73: 2020 | C73: 12.617036 | E73: Burundi Franc | G73: 12770.297 | H73: 13637.765 | I73: 11461.849 | J73: 12322.889 | K73: 23292.898 | L73: 0.00029361798 | M73: 0.22875302 | N73: 0.24286275 | O73: 12765.637 | P73: 13791.188 | Q73: 1.0116239 | R73: 0.6062175 | S73: 0.29145831 | T73: 0.3011182 | U73: 0.28007814 | W73: ICP PPP timeseries: benchmark or interpolated | X73: Extrapolated | Y73: Market-based | Z73: Regular | AA73: Regular | AC73: 0.32034869 | AD73: 0.77198404 | AE73: 0.070394829 | AF73: 0.264323 | AG73: 0.03764433 | AH73: -0.15731445 | AI73: 0.012968205 | AJ73: 0.30643335 | AK73: 0.4433253 | AL73: 0.24772203 | AM73: 0.58116317 | AN73: 0.50014216 | AO73: 0.25803733 | AP73: 0.54965532
A74: Belgium | B74: 2015 | C74: 11.275335 | D74: 1582.11 | E74: Euro | G74: 403264.53 | H74: 579205.81 | I74: 583211.25 | J74: 529083.69 | K74: 3204522.2 | L74: 0.038318817 | M74: 0.91580141 | N74: 0.96721262 | O74: 441998.69 | P74: 644251.69 | Q74: 1.0154812 | R74: 0.61084557 | S74: 0.86878902 | T74: 0.79052788 | U74: 0.87140232 | W74: ICP PPP timeseries: benchmark or interpolated | X74: Benchmark | Y74: Market-based | Z74: Regular | AA74: Regular | AC74: 0.83329982 | AD74: 0.56705528 | AE74: 0.33253962 | AF74: 0.1951389 | AG74: 1.1510894 | AH74: -1.2458233 | AI74: 1.2625165e-16 | AJ74: 0.80396902 | AK74: 0.61115019 | AL74: 1.0571498 | AM74: 0.58955318 | AN74: 0.53991902 | AO74: 0.50270987 | AP74: 0.62556869
A75: Belgium | B75: 2016 | C75: 11.332701 | D75: 1582.19 | E75: Euro | G75: 412927.16 | H75: 603201.94 | I75: 604281 | J75: 552054.5 | K75: 3319351 | L75: 0.039296303 | M75: 0.92613578 | N75: 0.9783566 | O75: 446753.78 | P75: 659827.44 | Q75: 1.007934 | R75: 0.60611314 | S75: 0.86876905 | T75: 0.78485268 | U75: 0.85910267 | W75: ICP PPP timeseries: benchmark or interpolated | X75: Benchmark | Y75: Market-based | Z75: Regular | AA75: Regular | AC75: 0.83322384 | AD75: 0.55535185 | AE75: 0.34466669 | AF75: 0.19263075 | AG75: 1.1738695 | AH75: -1.2665187 | AI75: -2.4546136e-16 | AJ75: 0.80938137 | AK75: 0.60274058 | AL75: 1.0399829 | AM75: 0.5826897 | AN75: 0.53885311 | AO75: 0.49756384 | AP75: 0.61533296
A76: Belgium | B76: 2017 | C76: 11.376581 | D76: 1584.38 | E76: Euro | G76: 421613.59 | H76: 619812.94 | I76: 619718.31 | J76: 559569.62 | K76: 3406328.8 | L76: 0.040575065 | M76: 0.89922726 | N76: 0.95920181 | O76: 453164.84 | P76: 668702.81 | Q76: 1.0015641 | R76: 0.60508817 | S76: 0.8991763 | T76: 0.80828458 | U76: 0.89516795 | W76: Benchmark | X76: Benchmark | Y76: Market-based | Z76: Regular | AA76: Regular | AC76: 0.83020442 | AD76: 0.55773395 | AE76: 0.35419959 | AF76: 0.19572653 | AG76: 1.2545891 | AH76: -1.3622491 | AI76: 0 | AJ76: 0.84370834 | AK76: 0.61493795 | AL76: 1.0572354 | AM76: 0.59538817 | AN76: 0.54843432 | AO76: 0.51863945 | AP76: 0.60826522
A77: Belgium | B77: 2018 | C77: 11.428605 | D77: 1587.5 | E77: Euro | G77: 427993.03 | H77: 646329.94 | I77: 637962.56 | J77: 564615.56 | K77: 3568711.8 | L77: 0.041788984 | M77: 0.86972231 | N77: 0.95835841 | O77: 460201.28 | P77: 685700.25 | Q77: 0.99875265 | R77: 0.60248756 | S77: 0.96053731 | T77: 0.85058117 | U77: 0.96107692 | W77: ICP PPP timeseries: benchmark or interpolated | X77: Benchmark | Y77: Market-based | Z77: Regular | AA77: Regular | AC77: 0.83444568 | AD77: 0.56117761 | AE77: 0.38670012 | AF77: 0.1968479 | AG77: 1.305763 | AH77: -1.4504887 | AI77: 0 | AJ77: 0.90097263 | AK77: 0.63504061 | AL77: 1.1303454 | AM77: 0.61445779 | AN77: 0.56183928 | AO77: 0.54161876 | AP77: 0.61033124
A78: Belgium | B78: 2019 | C78: 11.490618 | D78: 1587.41 | E78: Euro | G78: 455578.44 | H78: 674599.69 | I78: 677781.06 | J78: 605936.69 | K78: 3690956.5 | L78: 0.042174432 | M78: 0.90010041 | N78: 0.96429557 | O78: 467681.59 | P78: 694176.94 | Q78: 1.0013695 | R78: 0.59635794 | S78: 0.88188148 | T78: 0.79188746 | U78: 0.8857795 | W78: ICP PPP timeseries: benchmark or interpolated | X78: Extrapolated | Y78: Market-based | Z78: Regular | AA78: Regular | AC78: 0.83135769 | AD78: 0.55299664 | AE78: 0.36145899 | AF78: 0.19886155 | AG78: 1.2642294 | AH78: -1.3775465 | AI78: 2.1689887e-16 | AJ78: 0.83130338 | AK78: 0.60469421 | AL78: 1.0225296 | AM78: 0.58130944 | AN78: 0.5304727 | AO78: 0.51977247 | AP78: 0.58427382
A79: Belgium | B79: 2020 | C79: 11.540107 | D79: 1458.99 | E79: Euro | G79: 442064.88 | H79: 648784.94 | I79: 658288.19 | J79: 598171.12 | K79: 3824909.2 | L79: 0.042159248 | M79: 0.90898591 | N79: 0.94579273 | O79: 444097.5 | P79: 656592.81 | Q79: 0.99359107 | R79: 0.59252375 | S79: 0.89253372 | T79: 0.80465442 | U79: 0.88552332 | W79: ICP PPP timeseries: benchmark or interpolated | X79: Extrapolated | Y79: Market-based | Z79: Regular | AA79: Regular | AC79: 0.8297807 | AD79: 0.53286225 | AE79: 0.34558687 | AF79: 0.20616521 | AG79: 1.1965636 | AH79: -1.281178 | AI79: 0 | AJ79: 0.83508156 | AK79: 0.61672706 | AL79: 1.0410268 | AM79: 0.5861007 | AN79: 0.53741413 | AO79: 0.52691007 | AP79: 0.60793877
A80: Benin | B80: 2015 | C80: 11.360681 | E80: CFA Franc BCEAO | G80: 30593.139 | H80: 35880.832 | I80: 33434.93 | J80: 35596.793 | K80: 72196.172 | L80: 0.000790986 | M80: 0.49667153 | N80: 0.48298484 | O80: 29005.562 | P80: 33348.23 | Q80: 1.0020002 | R80: 0.61715502 | S80: 0.32230341 | T80: 0.34060669 | U80: 0.31992102 | W80: ICP PPP timeseries: benchmark or interpolated | X80: Benchmark | Y80: Market-based | Z80: Regular | AA80: Regular | AC80: 0.45725725 | AD80: 0.73433119 | AE80: 0.1485441 | AF80: 0.12510405 | AG80: 0.031575974 | AH80: -0.12877667 | AI80: 0.089221328 | AJ80: 0.32749735 | AK80: 0.44650436 | AL80: 0.29181628 | AM80: 0.55656224 | AN80: 0.53985947 | AO80: 0.27500218 | AP80: 0.73642707
A81: Benin | B81: 2016 | C81: 11.697842 | E81: CFA Franc BCEAO | G81: 31220.717 | H81: 36572.449 | I81: 35242.617 | J81: 37942.285 | K81: 77715.672 | L81: 0.00082905637 | M81: 0.50546223 | N81: 0.47104374 | O81: 29252.703 | P81: 33678.668 | Q81: 0.99138212 | R81: 0.61715502 | S81: 0.31616011 | T81: 0.33541963 | U81: 0.31155387 | W81: ICP PPP timeseries: benchmark or interpolated | X81: Benchmark | Y81: Market-based | Z81: Regular | AA81: Regular | AC81: 0.43206008 | AD81: 0.7080034 | AE81: 0.14104924 | AF81: 0.11484417 | AG81: 0.019534007 | AH81: -0.13353194 | AI81: 0.15010113 | AJ81: 0.32220367 | AK81: 0.447775 | AL81: 0.27890217 | AM81: 0.55284876 | AN81: 0.51912642 | AO81: 0.27184626 | AP81: 0.70657593
A82: Benin | B82: 2017 | C82: 12.03978 | E82: CFA Franc BCEAO | G82: 31715.406 | H82: 38294.949 | I82: 35767.809 | J82: 38005.602 | K82: 83505.109 | L82: 0.00087147258 | M82: 0.48136392 | N82: 0.46709126 | O82: 30401.229 | P82: 36364.574 | Q82: 0.99536717 | R82: 0.61715502 | S82: 0.33282593 | T82: 0.35511416 | U82: 0.33420485 | W82: Benchmark | X82: Benchmark | Y82: Market-based | Z82: Regular | AA82: Regular | AC82: 0.4036078 | AD82: 0.71309257 | AE82: 0.17312035 | AF82: 0.12140039 | AG82: 0.033982836 | AH82: -0.15468232 | AI82: 0.11308616 | AJ82: 0.34037602 | AK82: 0.46255043 | AL82: 0.28847742 | AM82: 0.56232536 | AN82: 0.52052677 | AO82: 0.28057629 | AP82: 0.69618231
A83: Benin | B83: 2018 | C83: 12.383347 | E83: CFA Franc BCEAO | G83: 32304.529 | H83: 39911.746 | I83: 37214.883 | J83: 39062.879 | K83: 92571.852 | L83: 0.00093714893 | M83: 0.46220109 | N83: 0.45458293 | O83: 31561.107 | P83: 38742.027 | Q83: 0.9991616 | R83: 0.61715502 | S83: 0.35699683 | T83: 0.38324472 | U83: 0.36511412 | W83: ICP PPP timeseries: benchmark or interpolated | X83: Benchmark | Y83: Market-based | Z83: Regular | AA83: Regular | AC83: 0.41005013 | AD83: 0.70140475 | AE83: 0.1947429 | AF83: 0.12558319 | AG83: 0.042288672 | AH83: -0.1546247 | AI83: 0.090605162 | AJ83: 0.36672385 | AK83: 0.49470805 | AL83: 0.30266969 | AM83: 0.57643545 | AN83: 0.54271251 | AO83: 0.29632664 | AP83: 0.68892652
A84: Benin | B84: 2019 | C84: 12.726755 | E84: CFA Franc BCEAO | G84: 34097.012 | H84: 42011.211 | I84: 40232.809 | J84: 42041.625 | K84: 97367.375 | L84: 0.00094476936 | M84: 0.47317994 | N84: 0.45500103 | O84: 32760.25 | P84: 40793.484 | Q84: 1.0003889 | R84: 0.61715502 | S84: 0.3325367 | T84: 0.35768592 | U84: 0.34229666 | W84: ICP PPP timeseries: benchmark or interpolated | X84: Extrapolated | Y84: Market-based | Z84: Regular | AA84: Regular | AC84: 0.42084733 | AD84: 0.68731713 | AE84: 0.18824673 | AF84: 0.1237127 | AG84: 0.035106003 | AH84: -0.13283591 | AI84: 0.098453373 | AJ84: 0.3408858 | AK84: 0.4660371 | AL84: 0.28615123 | AM84: 0.57703143 | AN84: 0.52010024 | AO84: 0.27468896 | AP84: 0.66327822
A85: Benin | B85: 2020 | C85: 13.070169 | E85: CFA Franc BCEAO | G85: 35684.332 | H85: 43821.621 | I85: 41699.812 | J85: 42979.582 | K85: 110010.69 | L85: 0.00099756988 | M85: 0.45381248 | N85: 0.44388038 | O85: 34300.496 | P85: 42424.922 | Q85: 0.98827487 | R85: 0.61715502 | S85: 0.34927973 | T85: 0.37618259 | U85: 0.36498126 | W85: ICP PPP timeseries: benchmark or interpolated | X85: Extrapolated | Y85: Market-based | Z85: Regular | AA85: Regular | AC85: 0.42972023 | AD85: 0.69173867 | AE85: 0.18932913 | AF85: 0.13852377 | AG85: 0.025689416 | AH85: -0.10266241 | AI85: 0.057381444 | AJ85: 0.35907825 | AK85: 0.49415915 | AL85: 0.30034944 | AM85: 0.56390643 | AN85: 0.52600449 | AO85: 0.28247857 | AP85: 0.71488684
A86: Burkina Faso | B86: 2015 | C86: 18.777487 | D86: 2346.23 | E86: CFA Franc BCEAO | G86: 32517.693 | H86: 37672.805 | I86: 35249.773 | J86: 35479.512 | K86: 70173.141 | L86: 0.00096494984 | M86: 0.40824881 | N86: 0.41820344 | O86: 34620.211 | P86: 38373.738 | Q86: 1.0481504 | R86: 0.48116463 | S86: 0.31826544 | T86: 0.33566627 | U86: 0.33349276 | W86: ICP PPP timeseries: benchmark or interpolated | X86: Benchmark | Y86: Market-based | Z86: Regular | AA86: Regular | AC86: 0.45363638 | AD86: 0.77617419 | AE86: 0.14529827 | AF86: 0.14034612 | AG86: 0.10784428 | AH86: -0.16872972 | AI86: -0.00093316077 | AJ86: 0.3073078 | AK86: 0.44542808 | AL86: 0.37886582 | AM86: 0.56909239 | AN86: 0.49775508 | AO86: 0.27435878 | AP86: 0.84998411
A87: Burkina Faso | B87: 2016 | C87: 19.334856 | D87: 2349.76 | E87: CFA Franc BCEAO | G87: 36128.289 | H87: 42198.836 | I87: 39787.238 | J87: 39903.426 | K87: 77807.672 | L87: 0.0010494752 | M87: 0.4316448 | N87: 0.44132522 | O87: 36497.164 | P87: 41138.566 | Q87: 1.0419271 | R87: 0.46370718 | S87: 0.30287778 | T87: 0.32254976 | U87: 0.32161054 | W87: ICP PPP timeseries: benchmark or interpolated | X87: Benchmark | Y87: Market-based | Z87: Regular | AA87: Regular | AC87: 0.44702313 | AD87: 0.75994587 | AE87: 0.15213099 | AF87: 0.14544734 | AG87: 0.11150298 | AH87: -0.1725222 | AI87: 0.003495062 | AJ87: 0.29098772 | AK87: 0.43962559 | AL87: 0.36500196 | AM87: 0.56637758 | AN87: 0.48556319 | AO87: 0.26912776 | AP87: 0.84885514
A88: Burkina Faso | B88: 2017 | C88: 19.894407 | D88: 2353.17 | E88: CFA Franc BCEAO | G88: 38746.398 | H88: 45942.895 | I88: 43194.023 | J88: 43089.773 | K88: 86872.172 | L88: 0.0011691307 | M88: 0.42629629 | N88: 0.43771338 | O88: 38485.898 | P88: 43944.789 | Q88: 1.0356249 | R88: 0.46026468 | S88: 0.30693099 | T88: 0.3265951 | U88: 0.32738525 | W88: Benchmark | X88: Benchmark | Y88: Market-based | Z88: Regular | AA88: Regular | AC88: 0.42618047 | AD88: 0.73884588 | AE88: 0.16701169 | AF88: 0.16035588 | AG88: 0.10929476 | AH88: -0.17757693 | AI88: 0.0020687347 | AJ88: 0.29494236 | AK88: 0.43246789 | AL88: 0.36216899 | AM88: 0.59245574 | AN88: 0.48578614 | AO88: 0.26976454 | AP88: 0.81253958
A89: Burkina Faso | B89: 2018 | C89: 20.438288 | D89: 2356.75 | E89: CFA Franc BCEAO | G89: 38808.602 | H89: 46155.023 | I89: 44193.785 | J89: 44309.48 | K89: 87274.117 | L89: 0.0011712175 | M89: 0.41356251 | N89: 0.4146764 | O89: 39852.488 | P89: 46152.711 | Q89: 1.0336876 | R89: 0.48017448 | S89: 0.3386074 | T89: 0.35955432 | U89: 0.35861552 | W89: ICP PPP timeseries: benchmark or interpolated | X89: Benchmark | Y89: Market-based | Z89: Regular | AA89: Regular | AC89: 0.42764901 | AD89: 0.71208805 | AE89: 0.16579801 | AF89: 0.16376519 | AG89: 0.12598702 | AH89: -0.18698896 | AI89: 0.01935073 | AJ89: 0.32371774 | AK89: 0.47020949 | AL89: 0.403351 | AM89: 0.58812946 | AN89: 0.51848429 | AO89: 0.28933305 | AP89: 0.83389515
A90: Burkina Faso | B90: 2019 | C90: 20.961952 | D90: 2360.66 | E90: CFA Franc BCEAO | G90: 41724.246 | H90: 48997.684 | I90: 48087.246 | J90: 47548.398 | K90: 85137.93 | L90: 0.0011084682 | M90: 0.43702504 | N90: 0.43335766 | O90: 42042.824 | P90: 49210.688 | Q90: 1.0058602 | R90: 0.46245995 | S90: 0.31561074 | T90: 0.33341092 | U90: 0.33718932 | W90: ICP PPP timeseries: benchmark or interpolated | X90: Extrapolated | Y90: Market-based | Z90: Regular | AA90: Regular | AC90: 0.43181952 | AD90: 0.69417506 | AE90: 0.15296912 | AF90: 0.18333602 | AG90: 0.11202807 | AH90: -0.1853179 | AI90: 0.042809576 | AJ90: 0.2993889 | AK90: 0.43552206 | AL90: 0.37703241 | AM90: 0.61257571 | AN90: 0.48265505 | AO90: 0.26428291 | AP90: 0.88432854
A91: Burkina Faso | B91: 2020 | C91: 21.47869 | D91: 2348.67 | E91: CFA Franc BCEAO | G91: 43215.84 | H91: 49934.004 | I91: 51379.805 | J91: 49717.938 | K91: 89022.109 | L91: 0.0010923945 | M91: 0.46594054 | N91: 0.44892859 | O91: 41652.891 | P91: 48700.078 | Q91: 0.98026681 | R91: 0.42880297 | S91: 0.32822123 | T91: 0.34498009 | U91: 0.35651138 | W91: ICP PPP timeseries: benchmark or interpolated | X91: Extrapolated | Y91: Market-based | Z91: Regular | AA91: Regular | AC91: 0.43167841 | AD91: 0.68842953 | AE91: 0.13512556 | AF91: 0.18079074 | AG91: 0.11930299 | AH91: -0.1773745 | AI91: 0.053725678 | AJ91: 0.31196199 | AK91: 0.45278454 | AL91: 0.39013454 | AM91: 0.66055012 | AN91: 0.49571589 | AO91: 0.26748872 | AP91: 1.1005706
A92: Bangladesh | B92: 2015 | C92: 159.38318 | D92: 2398.95 | E92: Taka | G92: 593215.19 | H92: 781279.12 | I92: 743507.44 | J92: 763891.88 | K92: 2386992.2 | O92: 655771.88 | P92: 863750.25 | S92: 0.29187098 | T92: 0.30770981 | U92: 0.29949856 | W92: ICP PPP timeseries: benchmark or interpolated | X92: Benchmark | Y92: Market-based | Z92: Regular | AC92: 0.30451289 | AD92: 0.72048217 | AE92: 0.24619181 | AF92: 0.056087349 | AG92: 0.075253628 | AH92: -0.11856635 | AI92: 0.020551369 | AJ92: 0.29222057 | AK92: 0.35767065 | AL92: 0.2873801 | AM92: 0.55203635 | AN92: 0.53061408 | AO92: 0.20532589
A93: Bangladesh | B93: 2016 | C93: 160.81193 | D93: 2420.53 | E93: Taka | G93: 632358.56 | H93: 841704.06 | I93: 817430.56 | J93: 820103.25 | K93: 2693894.2 | O93: 688273.94 | P93: 921496.31 | S93: 0.3042604 | T93: 0.32362792 | U93: 0.32257321 | W93: ICP PPP timeseries: benchmark or interpolated | X93: Benchmark | Y93: Market-based | Z93: Regular | AC93: 0.29475097 | AD93: 0.71293592 | AE93: 0.25526723 | AF93: 0.058135983 | AG93: 0.082271822 | AH93: -0.089967661 | AI93: -0.018643321 | AJ93: 0.30253318 | AK93: 0.38213039 | AL93: 0.32544174 | AM93: 0.54182202 | AN93: 0.53509927 | AO93: 0.21605858
A94: Bangladesh | B94: 2017 | C94: 162.18615 | D94: 2440.44 | E94: Taka | G94: 666313.12 | H94: 894641.81 | I94: 861216.94 | J94: 865190.44 | K94: 2992743.5 | O94: 731945 | P94: 985420.06 | S94: 0.31629178 | T94: 0.33552292 | U94: 0.33398199 | W94: Benchmark | X94: Benchmark | Y94: Market-based | Z94: Regular | AC94: 0.27410422 | AD94: 0.71202493 | AE94: 0.26390567 | AF94: 0.058109701 | AG94: 0.075842835 | AH94: -0.091060668 | AI94: -0.018822478 | AJ94: 0.31385664 | AK94: 0.39164362 | AL94: 0.34612985 | AM94: 0.56039017 | AN94: 0.54005152 | AO94: 0.22188132
A95: Bangladesh | B95: 2018 | C95: 163.5231 | D95: 2428.91 | E95: Taka | G95: 736141.25 | H95: 998959.5 | I95: 948036.62 | J95: 960715.31 | K95: 3350765.2 | O95: 798324.44 | P95: 1083755.8 | S95: 0.31592506 | T95: 0.33353728 | U95: 0.3291356 | W95: ICP PPP timeseries: benchmark or interpolated | X95: Benchmark | Y95: Market-based | Z95: Regular | AC95: 0.26855484 | AD95: 0.7066204 | AE95: 0.27356517 | AF95: 0.059622459 | AG95: 0.07169909 | AH95: -0.10201787 | AI95: -0.0094892774 | AJ95: 0.31482475 | AK95: 0.38286828 | AL95: 0.32896562 | AM95: 0.5775699 | AN95: 0.54860163 | AO95: 0.22011569
A96: Bangladesh | B96: 2019 | C96: 164.91306 | D96: 2417.72 | E96: Taka | G96: 802198.12 | H96: 1090040.8 | I96: 1034888.1 | J96: 1043530.4 | K96: 3731504.5 | O96: 842557.44 | P96: 1148196.4 | S96: 0.31852463 | T96: 0.33769229 | U96: 0.33489558 | W96: ICP PPP timeseries: benchmark or interpolated | X96: Extrapolated | Y96: Market-based | Z96: Regular | AC96: 0.26751848 | AD96: 0.70456117 | AE96: 0.27583545 | AF96: 0.064173646 | AG96: 0.075091027 | AH96: -0.09479706 | AI96: -0.024864243 | AJ96: 0.31788517 | AK96: 0.39111131 | AL96: 0.32554518 | AM96: 0.57972413 | AN96: 0.55964702 | AO96: 0.2275812
A97: Bangladesh | B97: 2020 | C97: 166.29802 | D97: 2312.9 | E97: Taka | G97: 853302.5 | H97: 1163887.1 | I97: 1116649.1 | J97: 1130408.4 | K97: 4256866.5 | O97: 867067.5 | P97: 1185193.6 | S97: 0.31924209 | T97: 0.33453807 | U97: 0.33046609 | W97: ICP PPP timeseries: benchmark or interpolated | X97: Extrapolated | Y97: Market-based | Z97: Regular | AC97: 0.26578993 | AD97: 0.69232732 | AE97: 0.27475432 | AF97: 0.062534854 | AG97: 0.057067387 | AH97: -0.076382615 | AI97: -0.0103013 | AJ97: 0.31957567 | AK97: 0.37656232 | AL97: 0.31554904 | AM97: 0.60028565 | AN97: 0.58694416 | AO97: 0.21806577
A98: Bulgaria | B98: 2015 | C98: 7.177517 | D98: 1644.39 | E98: Bulgarian Lev | G98: 117342.65 | H98: 143646.67 | I98: 144857.95 | J98: 139149.42 | K98: 403796.91 | L98: 0.0046413657 | M98: 0.74171847 | N98: 0.73869652 | O98: 124655.34 | P98: 155146.06 | Q98: 0.9434455 | R98: 0.51285821 | S98: 0.33816019 | T98: 0.35045311 | U98: 0.36483029 | W98: ICP PPP timeseries: benchmark or interpolated | X98: Benchmark | Y98: Market-based | Z98: Regular | AA98: Regular | AC98: 0.67391233 | AD98: 0.59907836 | AE98: 0.18903431 | AF98: 0.24420685 | AG98: 0.32374904 | AH98: -0.43310592 | AI98: 0.077037327 | AJ98: 0.37802637 | AK98: 0.405292 | AL98: 0.24036203 | AM98: 0.57223165 | AN98: 0.48559558 | AO98: 0.26547822 | AP98: 0.7118752
A99: Bulgaria | B99: 2016 | C99: 7.127434 | D99: 1643.55 | E99: Bulgarian Lev | G99: 121227.88 | H99: 146504.84 | I99: 154079.95 | J99: 147643.36 | K99: 408148.03 | L99: 0.0045786523 | M99: 0.78345776 | N99: 0.75161529 | O99: 127258.96 | P99: 156223.17 | Q99: 0.95942885 | R99: 0.5219056 | S99: 0.3386327 | T99: 0.35000923 | U99: 0.36526808 | W99: ICP PPP timeseries: benchmark or interpolated | X99: Benchmark | Y99: Market-based | Z99: Regular | AA99: Regular | AC99: 0.6984281 | AD99: 0.58517349 | AE99: 0.1712029 | AF99: 0.23591238 | AG99: 0.31832528 | AH99: -0.40186885 | AI99: 0.091254741 | AJ99: 0.37784587 | AK99: 0.40457091 | AL99: 0.24136564 | AM99: 0.56785041 | AN99: 0.4880591 | AO99: 0.27225229 | AP99: 0.72889489
A100: Bulgaria | B100: 2017 | C100: 7.075636 | D100: 1643.26 | E100: Bulgarian Lev | G100: 125460.06 | H100: 154574.64 | I100: 161598.7 | J100: 153534.27 | K100: 451544.16 | L100: 0.0049357456 | M100: 0.75559115 | N100: 0.73257875 | O100: 130839.03 | P100: 161763.44 | Q100: 0.94731933 | R100: 0.51651067 | S100: 0.35764846 | T100: 0.36613929 | U100: 0.38537088 | W100: Benchmark | X100: Benchmark | Y100: Market-based | Z100: Regular | AA100: Regular | AC100: 0.73037978 | AD100: 0.57857245 | AE100: 0.18962915 | AF100: 0.23857453 | AG100: 0.35219604 | AH100: -0.44765171 | AI100: 0.08867956 | AJ100: 0.4013204 | AK100: 0.40272787 | AL100: 0.25173862 | AM100: 0.58416843 | AN100: 0.49852538 | AO100: 0.26980099 | AP100: 0.72312236
...
